-0.06835142,-0.1157604,0.008631553,0.02118153,-0.1589104,-0.001699395,0.02521704,-0.08565596,-0.05713413,-0.07155893,-0.04549469,-0.05214084,0.06045785,0.02066267,-0.02946784,0.01540389,0.01370098,-0.01252717,0.01097215,0.02896453,-0.01238782,0.05739854,-0.06969947,-0.01847656,-0.04649521,-0.09227315,0.00983134,-0.0585799,0.006248584,-0.04700004,-0.03210234,-0.04532348,0.1108406,0.1090684,-0.01821765,0.01189359,0.0587863,-0.1197294,0.03987581,0.004252836,-0.07207437,-0.1344489,-0.02900406,-0.07094017,0.03827123,0.04011158,-0.0995729,-0.02112053,-0.05113325,-0.02095962,0.0667859,-0.1020835,-0.1100021,0.00912789,0.001754673,0.01349443,-0.0005442461,0.07283365,-0.1021764,-0.04142363,-0.1060434,-0.1146198,0.03212934,0.04251088
-0.01103027,-0.05955724,-0.1500917,0.09731031,-0.0418107,0.07144291,0.01109556,0.02175438,-0.05497782,-0.05270861,-0.0335449,-5.901128e-06,-0.1941622,-0.04249265,-0.03827517,-0.06062525,0.0511182,0.006684004,0.02223217,-0.02127922,0.05675745,0.02954659,-0.02098969,-0.2292373,-0.005144422,-0.05372974,0.0458703,0.001061118,-0.05862999,-0.0003531214,-0.04663444,-0.03942063,-0.07655452,-0.2144082,-0.02290428,-0.1716822,-0.0154547,0.1592785,-0.09059629,-0.007622195,0.07677285,0.005107726,-4.06428e-08,-0.052757,-0.07453877,-0.01852611,-0.01751187,-8.163477e-08,0.003922891,-0.02853154,0.1280783,-0.004177918,-0.02502471,-0.1291321,0.1396308,-0.2271489,-0.218032,-0.03598678,-0.1112162,-0.05079472,-0.01009368,0.01754054,0.1120157,-0.02044806
-0.1415144,-0.08378636,0.09617759,0.09802633,-0.06809733,0.08659093,-0.2033097,0.03985389,0.05869017,0.1231695,-0.08585311,-0.02225656,-0.01322127,-0.149991,-0.05313737,0.02118513,0.0140771,-0.02704317,0.02240255,-0.02975606,0.02017458,0.1353065,-0.117991,-0.1105166,0.03141627,0.01923405,-0.07697029,-0.01743395,-0.03888592,-0.02934818,-0.07881271,-0.01453527,0.2596838,0.09017197,-0.08913919,0.007660756,-0.01543112,0.05008857,0.1475064,-0.04384487,-0.04818156,0.01942168,-0.01001482,0.09535201,0.02174311,-0.07793418,0.1345378,0.005301136,-0.1125658,-0.06116133,0.1053171,-0.05319118,-0.1396523,-0.04328857,0.0692228,-0.01832903,-0.05404024,0.01127004,-0.03751934,-0.1070728,-0.1597687,-0.05134371,-0.03054294,-0.1278948
0.05213219,-0.03683053,-0.04948914,-0.04643828,0.01644998,0.1892836,0.1455356,0.07283483,-0.005947039,-0.02274677,0.02797691,-0.2859275,0.03097561,0.00261859,0.04029481,0.03498227,-0.05126816,-0.08311249,-0.0501081,-0.1032259,0.0392305,-0.2503999,-0.02638054,-0.01342362,0.00836716,-0.006960822,-0.2444145,-0.283906,-0.01421783,-0.05351806,-0.02846679,-0.1123496,-0.2848557,0.0111932,0.1605994,0.007070153,-0.3201872,-0.05164614,-0.2408548,-0.2466859,0.1194913,-0.02206845,-0.3033423,0.06342693,0.1277327,-0.1146974,-0.009296136,-0.3139543,-0.07589386,-0.132894,0.04065171,0.07379854,0.008489187,-0.03476125,0.09987096,0.004412541,-0.02104481,-0.01031847,-0.03994851,-0.02573541,-0.01263764,0.00899402,0.04611368,0.02930383
0.03726436,0.04381081,-0.222915,-0.08499905,0.07138641,0.07890102,-0.03848619,0.1213129,0.1128858,0.2044315,0.06362755,-0.1904737,-0.1926342,-0.04223118,-0.00798055,-8.862845e-05,0.1020724,-0.1584973,0.116877,-0.2001016,-0.01444433,-0.1035371,0.09133439,-0.2014623,0.08764626,0.1737959,-0.1596009,-0.1473043,0.03317384,-0.1399926,0.06861497,-0.2074786,-0.1442574,-0.1618527,0.1285437,-0.2429848,-0.1806122,0.0822382,-0.1898201,-0.1686709,0.08555625,0.1080949,-0.1014931,0.1902999,0.03072209,-0.01919277,0.3444582,-0.1498263,-0.0469115,-0.172649,0.09887821,0.1241891,-0.1198866,-0.1840828,0.08213307,-0.1767364,-0.1595711,-0.204735,-0.2224232,0.01865386,0.142311,0.1054191,0.0008100109,0.04120158
-0.2232009,-0.1857195,0.03045328,0.01545542,-0.2370085,-0.06998886,0.07008363,0.01154363,-0.1548448,-0.1871975,0.09498024,-0.01950059,0.07002212,0.02397662,0.0547198,-0.1160144,0.09134082,-0.01601919,-0.1386818,0.09025309,0.1464248,0.1057809,-0.1392949,0.04836919,-0.1304493,-0.2004945,-0.02467653,-0.08346112,-0.1335822,-0.01180467,-0.1467106,-0.03626547,0.002727285,0.0326946,0.02545664,0.0742827,0.0156765,0.1097876,-0.01220928,-0.1019024,0.1354479,-0.04631798,-0.01360665,-0.1015364,-0.07776979,-0.1492555,-0.1425368,-0.01320728,0.04732801,-0.08107755,0.06223884,0.06219171,0.04224114,0.1612137,0.1009503,0.08157032,0.1061345,0.06373946,0.3945432,-0.1356484,0.05902011,-0.2186806,0.2332852,0.07338607
0.0781361,-0.03393246,-0.1478391,0.005506549,0.1077728,0.009716448,0.02054725,0.1046844,0.1181272,-0.03992559,0.02833081,-0.0499111,-0.1386543,-0.01927867,0.06020971,-0.0721698,0.03520514,-0.1663549,0.007149154,-0.1435847,-0.1305797,-0.0402832,-0.01112685,-0.218253,0.1065149,0.1903375,0.1398765,-0.09163778,-0.08386512,-0.148626,-0.05364615,-0.1874392,-0.1306393,-0.2410968,0.05675772,-0.2269768,-0.01887319,0.1186903,-0.2157339,-0.07438049,0.06689493,0.1919715,4.875338e-06,0.1286798,-0.08677222,0.1258874,0.08477171,-0.001915192,0.08982675,-0.186016,0.01921789,0.06104035,0.2035849,-0.1886785,0.1721191,-0.2219201,-0.1875092,-0.1684257,-0.1694029,0.191595,0.03116068,0.1672671,0.135781,0.05284838
-0.1747445,-0.02295277,0.002117741,0.3104614,-0.2351423,0.11211,0.1102587,-0.09881713,-0.05665015,-0.1123837,0.1034114,-0.0493859,0.131778,-0.06456278,-0.04626705,0.04828438,0.1611597,0.007828131,-0.05080088,-0.07452205,0.2079638,0.08047011,-0.1674638,-0.07201474,-0.1745252,-0.2167949,0.1641494,-0.06162561,0.02732646,0.2353913,-0.06388032,0.1340525,-0.07456569,0.01047269,-0.1431567,0.03694949,0.02164687,-0.02803733,0.07644618,-0.04417354,0.1081116,-0.1408544,-0.03472839,-0.09088361,-0.007011004,-0.1541522,-0.06941086,-0.03880317,-0.2414378,-0.08537626,0.06939193,-0.05423208,-0.0976413,-0.0250005,-0.008206917,0.037071,0.02561003,0.05909269,0.10763,-0.178485,-0.07986108,-0.2101988,-0.1470128,0.09065886
-0.06780233,-0.0168688,-0.0503775,0.01154055,-0.1091286,0.1268508,0.0379907,-0.06130965,0.002683202,0.003995619,-0.08574059,-3.909525e-12,0.07898505,-0.1665057,-0.02108281,0.1046818,0.03584837,0.1401771,0.1137492,0.01576487,0.001639469,0.01439458,-0.002893746,0.04391448,0.007348611,0.01239779,0.1275583,-0.0001138013,0.004910534,5.922725e-05,0.002360599,-0.04785062,0.006213259,-0.0480434,-0.08136702,0.0677835,-0.04892662,-0.03933115,0.0686139,0.02234617,0.07756748,-0.07563578,4.176571e-15,0.002676201,-0.0255534,-0.04883712,0.03649493,1.169255e-15,-0.06155683,-0.01789296,0.003556326,-0.06633434,-0.2055278,-0.05096803,-0.0505987,0.05718903,0.09074327,0.1633762,-0.09328333,-0.05209963,-0.01325185,-0.04985339,-0.05260099,-0.06524171
-0.03948185,0.007361616,-0.01133608,0.02398336,-0.03093744,0.03661259,0.09224864,-0.298176,-0.09413161,-0.1848564,0.03535497,-0.1580773,0.07359398,0.03406696,-0.02994612,-0.05053972,0.1852959,-0.02194662,0.05892833,-0.05887707,0.004552444,-0.1665674,0.03004161,0.04675865,-0.1769113,-0.148366,0.05481821,-0.1796689,-0.06485918,-0.09982228,0.02001149,-0.01956447,-0.1126218,-0.03398937,0.02218314,0.02739048,-0.0121545,-0.001913023,-0.04767791,-0.1793414,0.1045381,-0.2165426,-0.1788224,-0.2695778,-0.1259394,-0.008212868,-0.2233489,-0.1797467,-0.02860486,0.03417617,0.01898263,0.03431315,0.01047085,0.03921637,0.003926209,0.04234354,0.08435232,0.02589277,0.005729873,-0.02241077,0.09791732,0.03445729,0.06248028,0.03511652
-0.0290959,-0.05720074,-0.1908303,0.1095397,-0.03981427,0.03619699,-0.08201364,0.099144,-0.04682135,0.07670732,-0.08095248,-0.002343199,0.01673706,-0.06617645,-0.03019809,-0.09313916,0.06069005,-0.05113916,0.1013007,-0.02927111,0.06183008,-0.03349796,-0.1041901,-0.09638435,-0.02381691,0.002418471,-0.003243487,-0.03902142,-0.01153515,-0.09293111,-0.09462392,-0.1229198,-0.05034636,-0.1246285,-0.08361046,-0.003717511,-0.01720197,0.0223659,-0.08850415,-0.002431024,-0.05360929,-0.05254203,-0.00312359,0.06589247,-0.04117436,-0.09814866,-0.0008318385,-0.006270432,-0.08520193,-0.08537919,0.1185743,0.006471078,-0.09746413,-0.1139167,0.08351402,-0.05797361,-0.03749001,-0.01775716,-0.1452935,-0.03561311,-0.06269094,-0.03744403,-0.004685199,-0.01710247
0.03019351,-0.07122564,-0.03594876,-0.2924437,0.0683649,-0.01318761,0.1796678,0.1280314,0.03807263,0.1762232,0.3451817,-0.2060414,-0.004045147,0.1745302,0.09573317,0.009168091,-0.2037065,-0.0408317,0.02986488,-0.0971153,-0.2027447,-0.2078095,0.02564439,-0.01017766,0.05755739,0.05430402,-0.0900832,-0.1554911,0.2330969,-0.1520767,0.02610125,-0.03598534,-0.07381155,-0.02569409,0.08445177,0.06358175,-0.05512374,-0.226487,-0.03842685,-0.1210027,0.1386212,0.2398828,-0.235012,0.07317792,0.05876034,-0.1294299,0.1342919,-0.1684993,-0.03905686,-0.1425305,-0.04683038,-0.05725441,0.1173051,-0.1070811,-0.12855,-0.06181473,0.005814906,-0.106207,-0.06727915,0.09031893,0.02593388,0.04341697,-0.116155,0.1423393
0.1863871,0.1574575,-0.02291423,-0.2700179,0.1039166,0.01998774,-0.01081381,-0.01622934,0.03072293,0.169744,0.04568573,-0.3026125,-0.1349753,0.08292357,0.0002067568,-0.0115567,0.00265153,-0.1970083,0.1220925,-0.223948,-0.1000631,-0.1945733,0.1061255,-0.1557692,0.02104504,0.1336687,-0.2005431,-0.2619176,0.07162056,-0.2718478,0.1478409,-0.008033598,-0.1985187,-0.07782528,0.1264799,-0.1900707,-0.2153952,0.002661679,-0.1266816,-0.2944331,-0.050932,0.04005453,-0.269128,-0.06040408,0.04936878,0.03696058,0.1158831,-0.2643293,0.1220431,-0.2961124,0.05090842,0.0514868,-0.0787707,-0.085373,-0.04266803,-0.1610874,-0.1578852,-0.2242777,-0.138236,0.1141266,0.09301188,0.2032335,-0.02097454,0.1025996
-0.124167,-0.1443428,0.06146945,0.06064998,-0.2129775,-0.07505836,-0.07356316,0.01566132,-0.02489687,0.02189114,-0.07150063,0.000816455,0.1611584,-0.1571588,-0.01149997,-0.01228368,-0.01753961,0.006466486,-0.04411713,0.1098924,0.06781489,-0.02860328,-0.2081465,0.04155009,-0.1085529,-0.1475659,-0.01005215,-0.00442385,5.123708e-05,0.005841452,-0.141515,-0.0519795,0.1419602,0.08582658,0.0122752,0.02037294,0.1339307,0.02156846,0.03100079,-0.06506046,0.001299986,-0.06618498,0.02046373,-0.02996632,0.07477549,-0.1420586,-0.0567889,-0.01323561,-0.1283087,0.02060081,-0.02008908,-0.06999329,-0.1820966,0.0001253393,-0.02092546,-0.02302525,0.01642987,0.04194004,-0.07959126,-0.155778,-0.09128063,-0.2037842,0.0008127395,0.05455935
0.05397134,0.1353687,-0.01700102,-0.1331226,0.03340348,-0.0500138,0.05589835,-0.1363769,-0.06588808,0.01125071,0.1266956,-0.1665689,0.04517047,0.02530596,-0.006259304,-0.03590393,-0.109655,-0.1367825,0.06258234,-0.1571624,-0.07218704,-0.1564058,0.04359142,-0.1343019,0.07493334,-0.07370382,-0.24873,-0.2672537,0.06044977,-0.1631496,0.04458695,-0.1984099,0.09945647,0.1102105,-0.004997415,-0.09977194,-0.009856546,-0.001375687,-0.01938508,-0.1504016,0.1386532,0.0008061235,-0.1406015,-0.171997,0.02988195,0.08402906,-0.00492043,-0.1883789,0.02722236,-0.2644326,0.04328922,-0.02106587,0.07002424,-0.06709886,-0.001073669,-0.154704,-0.09328502,-0.08344492,-0.1827597,-0.00149863,0.01692118,0.08968697,-0.03407447,0.01210824
0.0205784,-0.03083205,0.02356996,0.003551444,-0.013364,0.04188243,-0.1379191,-0.03575733,0.03961587,0.04393148,0.0276124,0.03703066,-0.3343335,0.1132324,-0.01113623,0.03847919,-0.09445695,0.006702226,0.05740571,0.007554533,-0.4661701,0.02370051,-0.01138913,-0.02640183,-0.04271694,-0.007148646,0.01229881,0.02560769,0.1729997,0.009416704,-0.001807383,-0.05555694,0.006335831,-0.1827341,0.07627677,-0.3996289,-0.01400033,-0.1036234,-0.0001784923,0.01540171,0.03134588,0.00795322,0.03667755,0.06235821,-0.08639608,-0.005243073,0.04788646,0.0321194,-0.01549167,0.009586945,-0.02114573,0.05400207,0.03469818,-0.0339717,-0.2329663,-0.3285717,-0.4135901,-0.5061985,-0.04730273,0.02033073,-0.02820527,-0.01530529,-0.09681881,-0.05285709
-0.1515114,-0.2130359,0.1018597,0.06396323,-0.2405301,-0.0373794,0.07745543,-0.08360673,-0.10251,-0.07241752,0.08283507,0.05983619,-0.0215822,0.03576909,-0.06622747,-0.04860954,0.0135696,0.01697174,-0.1260872,0.1945889,0.0138839,0.1121008,-0.2282295,0.006868637,-0.184018,-0.1681488,-0.07999052,0.02581951,-0.1384553,0.003297238,-0.128813,-0.1109894,0.04119528,0.01364342,0.07398733,0.0702788,-0.01755568,-0.08583529,0.04516573,0.1464444,-0.01071526,-0.1333912,-0.004980834,-0.0515323,-0.02924986,-0.03832323,-0.08032617,0.01443387,-0.005835499,0.1171868,0.05098133,-0.0308777,-0.08563269,0.2134577,0.07947388,0.1722337,0.07519972,0.06438956,-0.01921516,-0.1727411,-0.07975869,-0.2558085,0.00768476,0.06983247
-0.1456111,-0.1084083,-0.05521006,-0.1837083,-0.1440084,0.02999674,-0.1229468,0.06412429,0.008616054,0.09730645,-0.07568623,0.04903586,0.004798045,-0.2087825,-0.02118619,0.09488931,-0.04141812,0.07996164,0.07222752,0.03023603,-0.07657437,-0.08753821,-0.1998914,0.113617,-0.0196792,-0.07493883,0.1300061,0.06292585,-0.07104795,0.05675907,-0.09095304,0.006647343,0.03485069,-0.05821301,0.02585713,0.08938038,0.1483496,-0.01901979,0.0727562,0.03736554,-0.01428519,0.01928212,-0.001989023,0.0270068,0.08977967,-0.20285,0.07015743,0.01123341,-0.160163,0.07070296,-0.03099541,-0.03158591,-0.2598272,0.1725686,-0.03979775,0.116564,0.1894856,0.017111,0.170009,-0.16348,-0.01235551,-0.2172346,-0.009494032,0.1435096
0.07694907,-0.005684056,-0.1395373,-0.05702785,-0.03298945,0.1955918,0.03299297,0.03204415,-0.02635186,-0.02269709,-0.04622538,5.637573e-12,-0.06266291,0.1392742,-0.02200961,0.04798213,-0.01013161,0.0003225595,0.1431505,-0.05352221,-0.05726991,-0.07037009,-0.001539843,-0.1930765,-0.0137534,0.05456947,-0.001102053,-0.009752225,0.1025976,-0.04667196,0.0606175,-0.135539,-0.08612182,-0.1358361,0.04124968,-0.07813643,-0.07383389,-0.05297885,-0.1029231,-0.004270451,-0.0365648,-0.008717361,1.319126e-19,0.09249397,-0.02418475,0.02651784,0.02293068,3.181197e-39,-0.005156064,-0.1325578,0.04911776,0.09683653,0.02113362,-0.1160685,-0.1093664,-0.157463,-0.110862,-0.09314919,-0.0539945,0.01079434,0.01813656,0.03045541,-0.07531186,0.04464672
0.1266028,0.09323023,-0.1493325,-0.1065079,0.09507323,0.03570301,-0.03345193,-0.0510608,0.00915004,0.06864035,-0.1010635,-0.2584164,-0.004840478,-0.06635704,-0.06636397,0.06441522,-0.08204395,-0.2059279,0.1700189,-0.204922,-0.2002889,-0.1781713,0.05134724,-0.07132133,0.08674414,-0.08243735,-0.1618693,-0.2227253,0.05970788,-0.2644737,0.01261402,-0.1119594,-0.2189974,-0.0348266,0.1131224,0.00471212,-0.1903921,-0.03135181,-0.2182145,-0.1774195,0.1113888,0.02193069,-0.2022703,-0.0425632,-0.0239777,0.1680267,0.07208069,-0.221876,0.0988528,-0.1884165,-0.01034675,0.1005435,0.06589863,-0.1885206,-0.1011763,-0.008076604,-0.03069706,-0.02209761,-0.155417,0.09604946,0.03297712,0.05328631,-0.1004433,-0.04120406
-0.0007068883,-0.02461299,-0.2881361,-0.04716775,0.2090404,-0.005578735,-0.03485397,-0.08636202,0.102516,0.07047106,-0.07749,-0.1034779,-0.1854535,-0.04904399,0.005211392,-0.01535663,-0.01712548,-0.08113809,0.1618148,-0.06765749,-0.09704158,-0.02995057,0.04367391,-0.1943612,0.139154,0.1554294,-0.0291244,-0.04743423,-0.0418487,-0.1994884,0.1020952,-0.1976868,-0.1007817,-0.2342876,0.007580804,-0.2177367,-0.08925884,-0.01102872,-0.1470272,-0.06816622,0.04018918,0.006087075,-0.06383184,0.1096556,0.04017673,-0.04300424,0.02566127,-0.07140505,-0.05814771,-0.006471173,0.1162571,-0.06658173,-0.008391705,-0.2339049,0.04957478,-0.2777216,-0.2018681,-0.2697871,-0.2415963,0.1416662,0.1179526,0.2111026,0.07035505,-0.04355834
-0.1424316,-0.07085799,-0.06837846,-0.01363908,-0.18956,0.1501688,0.01524553,-0.003434856,0.007444109,0.05996456,-0.1335247,-0.04282818,0.1192397,-0.1894753,-0.06763756,0.1442474,0.07050376,0.06630713,0.03345287,-0.07408365,0.01453675,0.08485955,-0.1746687,-0.001470622,-0.02244882,-0.1038576,0.1591209,-0.05489304,0.01794644,-0.0613718,-0.05243656,-0.08989104,0.1439439,0.097853,-0.1360863,0.1004774,-0.02891507,-0.05664437,-0.0152563,-0.01632204,0.02057573,0.007884007,-0.05486634,0.02097372,-0.001525426,-0.1434324,0.07189368,-0.03280846,-0.1727587,-0.1372587,0.04709497,-0.07326119,-0.2181129,-0.02784306,-0.1142066,0.08197887,0.1089005,0.06625099,-0.09438685,-0.1656975,-0.06605764,-0.145224,-0.09825185,-0.02536592
-0.1050859,0.03442233,-0.01446753,0.0635093,-0.0146098,0.01954782,-0.03579713,-0.03612075,-0.02980172,0.01701399,0.01472243,0.01166009,0.05483426,-0.1259601,-0.01334677,0.02612448,-0.02943177,-0.01663174,0.1391909,0.100138,0.1172764,-0.009312492,-0.01107765,0.01722493,-0.02222802,0.0037043,0.03836216,-0.01349788,-0.03583081,0.01179235,0.03438453,0.03750128,-0.05688929,-0.04927536,-0.0477572,0.03184577,0.02201976,0.05136058,0.008558556,0.0393394,0.0210855,-0.006711272,0.02528189,0.0141351,-0.06592075,-0.07164542,-0.03114241,-0.001330442,-0.05423531,0.01378859,0.01991357,-0.01941607,-0.133312,-0.09070745,0.0283314,-0.007121905,0.03576596,-0.02202775,-0.03557391,-0.005712003,0.05774931,-0.07938208,0.07078674,-0.00533933
0.1541819,-0.01960822,-0.1751695,-0.2072894,0.0272005,-0.04082482,-0.01626006,0.03318492,0.04081978,-0.0827189,0.07811807,-0.270825,0.007673301,0.05222049,0.01996107,-0.00890735,-0.05647078,-0.2286145,0.1369756,-0.1979894,-0.1242312,-0.154429,-0.02592744,-0.03866081,-0.01989809,0.1352013,-0.0942847,-0.2390198,0.1333651,-0.2567558,0.05953094,-0.1294409,-0.2442583,0.02571364,-0.1817324,0.06727683,-0.2366806,-0.03522219,-0.2871243,-0.235014,-0.007318622,-0.0006104574,-0.2679065,0.1528069,-0.0667427,0.1675257,-0.01777492,-0.2550046,-0.1094103,-0.1890994,-0.07411221,0.1376879,0.09513337,-0.1785481,-0.03302168,0.0108763,0.002356693,-0.004603198,-0.1493416,0.006842427,-0.04442465,0.1213248,-0.07103661,0.005065347
-0.1071525,-0.3167273,0.04505474,0.05103505,-0.04443691,0.01744171,-0.01251075,0.2164457,0.01348003,0.06614963,0.06429388,0.09100717,-0.03698582,0.04985851,0.01829031,-0.007260467,-0.06632932,-0.01532606,0.01231262,0.06236546,0.04615802,-0.1703908,-0.3085618,-0.004542564,0.01350494,-0.005274553,-0.1453072,-0.1005077,-0.1765337,0.1122219,-0.3149948,0.07375512,-0.1189757,-0.02021299,-0.01201602,-0.0199096,-0.04937735,0.05847485,0.001091651,-0.1019103,0.1069595,-0.01042199,-0.08543169,0.1765805,0.156622,-0.1901569,0.05246582,-0.0836506,-0.3030063,-0.01252379,0.05510285,0.1224199,0.1331495,0.1107403,0.09250455,0.01309322,-0.01051596,-0.01125036,0.1069575,-0.04848217,-0.2023748,-0.1122994,0.1118843,0.00839006
0.1708023,0.04040938,0.01228695,-0.2813358,0.08970238,-0.02668123,-0.06185427,0.1612533,0.1506894,0.1831015,0.08018583,-0.2564218,-0.05004989,-0.02721464,0.01105486,0.06078215,-0.1452147,-0.2859269,0.07475602,-0.2849544,-0.05388283,-0.2075749,0.06822868,-0.07659118,0.07098005,0.1612973,-0.2230832,-0.2310879,0.1391481,-0.2877233,0.07597217,-0.03175184,-0.2366746,0.03646489,0.1586393,-0.04394594,-0.2605758,-0.1706664,-0.02285353,-0.2651064,0.1101583,0.2306544,-0.2308591,0.1726442,0.1577732,0.05115122,0.1533903,-0.2291435,0.0783568,-0.2130053,-0.03755233,0.05180383,0.1956527,-0.1233008,-0.1372289,-0.05485513,-0.06151891,-0.1057795,-0.1044903,0.12616,0.04972596,0.09778141,-0.07767279,0.01614231
-0.03029354,-0.09679337,0.36498,0.07162369,-0.1132296,-0.05174076,-0.1898901,-0.03898587,0.01250418,0.01917066,-0.07554646,-0.006228917,-0.1158785,-0.1301169,-0.04886972,-0.0253195,-0.04412248,-0.0002471009,-0.04602797,0.0365599,0.1573973,0.1325326,-0.03060395,-0.007168541,-0.03465292,-0.0482704,0.01402809,-0.0004448582,0.00149409,0.0001369681,-0.046355,0.1662024,0.1872824,0.1635026,-0.1445391,-0.09416501,0.003473253,0.008639499,0.287185,-0.008895537,-0.03169739,0.02688067,-0.00873424,-0.01460652,-0.01548409,-0.02953757,0.03866166,-0.0004289642,-0.07545252,0.02270755,0.06321064,-0.1875792,-0.1174337,0.0696221,0.008379335,-0.02804286,-0.07100158,0.02669075,0.1411807,-0.07508277,-0.1661933,-0.08220155,-0.07050131,-0.07116676
0.02769186,0.09598684,-0.2201464,-0.0414572,0.03872819,0.1950635,0.05801458,-0.01848641,0.0103198,0.001946725,-0.007512812,-0.0003219235,-0.2323357,0.1322461,0.006004679,-0.002781491,0.06093271,-0.09880586,0.1259602,-0.1427714,-0.08244841,0.01176527,0.08985855,-0.1506059,-0.0361349,0.005194265,0.02159292,-0.02136095,-0.006367389,-0.03910293,0.0006144111,-0.124365,-0.127428,-0.210522,0.1059731,-0.1321001,-0.09827724,0.05152192,-0.1993406,-0.06216183,0.1146754,-0.09606497,-2.512887e-21,0.07646281,-0.02438125,-0.0856666,-0.03142107,-2.095241e-11,0.01921585,-0.1184207,0.08649022,0.1180208,0.006407819,-0.1903754,0.06879201,-0.1898488,-0.1949295,-0.104427,-0.109545,0.04125838,0.08037414,-0.007249488,0.1174414,-0.003869256
0.01864992,0.02196044,0.1104533,0.04628098,-0.04484436,-0.02571984,-0.1337489,-0.1008068,-0.02997908,0.035914,-0.08074521,-3.367143e-16,0.04674529,-0.1201444,-0.0328043,-0.01860267,-0.07626732,0.06411494,0.0879133,0.09060012,0.1644474,0.008122019,-8.842919e-06,-0.008061994,-0.01223403,0.0003083719,-0.1885757,-8.124503e-05,0.06127731,-0.0009092259,-0.01307922,0.08789457,-0.0184739,0.08773441,-0.1285631,-0.05346821,0.02059835,0.01250632,0.1649428,-0.0009022454,-0.08389486,-0.03724505,6.837916e-41,-0.1481104,-0.04311725,0.08823495,0.009221645,6.381934e-41,0.0194545,0.02771644,-0.00531467,-0.03978365,0.03915335,-0.02279714,0.01098661,0.05571873,0.004396901,0.1410092,0.06997358,-0.03378183,-0.05581487,-0.04567392,-0.07803691,-0.06955589
-0.003688402,0.0174652,-0.02351086,-0.07446145,-0.01626118,0.03363347,0.09022476,0.03252637,0.001967951,-0.01803748,-0.1102921,-0.4079855,0.05767438,0.06336444,-0.0240957,-0.005092788,0.1254346,-0.258433,0.01834645,-0.2849342,0.02769349,-0.1269064,-0.03902807,-0.03089945,0.004010957,-0.01367602,0.01463792,-0.3907806,-0.05366014,-0.362,-0.02857461,-0.0191537,-0.274373,-0.003143118,0.1472311,0.05221883,-0.3592115,0.08689023,-0.06874441,-0.3938507,0.1306054,-0.003884506,-0.4206546,0.06315389,0.008200656,0.01090628,-0.002361106,-0.3840123,-0.04595194,-0.1830076,0.01654259,0.01034454,-0.0765579,-0.02458502,-0.1291892,-0.01736278,0.01582771,0.008478169,-0.03394887,-0.008997513,-0.03749201,0.03746247,-0.1142911,-0.04013944
-0.03164188,-0.02044688,0.1163371,0.1388317,-0.02957034,-0.00730371,-0.04427899,-0.1426049,-0.06282466,-0.02496401,-0.06947877,-1.825055e-34,0.1278748,-0.08541997,-0.09832799,-0.07297204,0.0276453,0.05331166,0.04943345,0.07340519,0.2612593,0.02974325,1.093923e-10,-0.009591812,-0.06964006,0.01705521,0.01933581,0.006650309,-0.0177718,-5.668522e-11,0.03816451,0.05737779,-0.00319276,-0.004127237,-0.1272227,-0.03884812,0.04568195,0.0640232,0.08126424,2.135439e-41,0.04178378,-0.09548936,6.062858e-41,-0.1935862,-0.02379923,-0.05099574,-0.04615379,-1.687584e-41,-0.06519333,0.006391723,0.08533419,-0.04714241,-0.04942267,0.0183545,0.1126701,0.05067765,0.05786606,0.09808151,0.06542618,-0.03550987,-0.006773742,-0.06884704,0.0887839,-0.03052688
-0.1225979,-0.117452,0.07065492,0.01779117,-0.1556704,0.02659757,0.02210981,-0.08593592,-0.1011319,-0.1050688,-0.05395084,-0.01853793,0.1194503,-0.1185811,0.01716935,-0.001279518,-0.04188545,0.01007024,-0.01366696,0.128381,0.1008268,0.009648373,-0.08089689,0.1025563,-0.09149326,-0.1331902,0.004499271,-0.03702056,-0.03886418,-0.05749138,-0.05178722,0.03483171,0.1413206,0.1863147,-0.05043811,0.1501336,0.0648179,0.0254837,0.08487425,-0.05995293,0.01665796,-0.1201554,-0.01141321,-0.1303381,-0.07956669,0.03307142,-0.06308849,-0.01820019,-0.1104416,0.08698127,-0.02883278,0.02279866,-0.09245501,0.07938455,0.02749691,0.05090462,0.06521254,0.1236068,0.07310653,-0.09653912,0.04668966,-0.1592402,0.01614977,-0.04491379
-0.02587501,0.01234994,0.009758444,0.00730308,0.00358328,0.1064035,-0.02966876,-0.04118968,-0.04082832,0.02446561,0.004074741,-0.003320721,0.02470255,-0.1013817,0.05775443,0.0663223,-0.05128961,-0.03491792,0.08551043,0.1250855,0.04298405,-0.0354691,-0.007404529,0.01080715,-0.03718222,0.02431367,-0.09536693,0.002996596,0.04271386,-0.04395989,0.0008472534,0.08734884,-0.03469317,0.03369226,-0.1183996,-0.04252976,-0.00421501,-0.04491549,0.06230285,-0.02107304,0.05310788,-0.02959863,-0.002666455,-0.04895519,-0.09772355,-0.02295898,0.0381199,-0.003016596,-0.02722434,0.03039019,0.03341085,0.01696846,-0.04154409,-0.04229045,-0.04830264,0.04327638,0.02547051,-0.02305005,0.0500242,-0.05335528,-0.1032911,-0.0127181,0.02080698,-0.07282006
-0.1344922,-0.09396944,0.06748858,-0.09337226,-0.20877,0.06496406,0.05740848,0.07977649,0.01374352,0.04127108,-0.02219984,-0.04927105,-0.03987337,-0.186973,0.009832476,0.08254818,-0.01795788,0.06664973,0.002965347,0.1957414,0.03647835,0.0368595,-0.1685188,0.1340983,-0.04879088,-0.1154919,0.03572839,0.05090844,0.03241109,-0.1167653,-0.1262366,0.0853508,0.1085555,-0.02938372,-0.1753521,-0.03987157,-0.1038339,-0.1071716,0.1753807,0.07467742,0.08205359,-0.04897813,-0.05469748,0.06025828,0.1016856,-0.1013373,0.03170884,-0.03426939,-0.129828,0.1718476,0.03346265,-0.07297118,-0.1382093,0.1017484,-0.1198629,0.02517019,0.08266272,0.09444121,0.08728926,-0.1531911,-0.1245772,-0.191587,-0.1225182,-0.03160132
0.05576531,0.09345648,-0.3146597,-0.06245936,0.1439088,0.1616641,-0.01103447,-0.07265488,-0.05548568,0.02368044,0.02008585,0.03822378,0.02224229,-0.09936608,-0.07461631,-0.0954251,0.1211624,-0.1457434,0.1389408,-0.1853579,-0.04500222,0.02978749,0.1268637,-0.1663978,-0.004614332,0.1308838,0.06562886,0.01123494,0.02552877,-0.09877099,0.01849778,-0.1770179,-0.08990692,-0.2458833,-0.1325321,-0.04820916,-0.09802146,-0.0241981,-0.2793408,-0.07296823,0.1827726,0.03123348,1.086309e-06,-0.1520457,-0.05058993,0.04273476,-0.007895039,4.383143e-16,-0.08424912,-0.2653665,0.07287026,-0.1087806,-0.04949049,-0.2758968,0.032387,-0.1045193,-0.0004637467,0.02108617,-0.2543619,0.02450946,0.1605102,0.05876481,-0.05218535,-0.05526519
0.01674614,-0.01645076,-0.1073087,0.01593363,-0.01068092,0.1384483,0.002633224,-0.003280262,-0.01363004,0.01671249,-0.04817438,0.01944197,-0.3852813,0.1218571,-0.09778759,0.008510558,0.0006298771,0.01239734,0.0884843,0.02170525,-0.2561494,0.02450667,-0.02303952,-0.3446605,-0.01337033,-0.001830564,0.02052024,0.02827895,0.06132212,0.02814312,-0.007280743,0.1560766,-0.002849571,-0.2771825,0.005153706,-0.4331452,0.01738664,-0.02762755,-0.01136993,0.007078779,0.2248205,0.008057214,0.01509898,0.02652979,0.01428316,0.0223615,0.05144782,0.0214617,-0.02880231,0.02959087,0.09822094,0.08972622,0.04345072,-0.03158925,0.05308791,-0.4505303,-0.4189665,-0.4863341,-0.03142875,-0.009712264,0.01568118,0.009164055,-0.04115147,-0.03213792
0.1910153,0.04345045,-0.1697633,-0.1797068,0.1376668,-0.0497136,-0.06173788,0.03373183,0.002773501,-0.06495741,-0.0207627,0.0129696,-0.1842753,0.1166163,0.03510945,-0.05273312,-0.1214305,-0.1096361,0.1874965,-0.05890498,-0.09798849,-0.01831769,-0.03872149,-0.1348746,0.06614439,-0.006417236,-0.1504952,0.04617325,-0.03544706,-0.1573143,-0.0431431,-0.02182469,-0.1332933,-0.203347,0.1347449,-0.2341479,-0.1190602,0.03690062,-0.1516299,-0.03218414,-0.09678341,0.02865242,-8.331704e-05,0.07603721,-0.05636973,0.1944126,-0.0004620631,0.0002407862,0.1766712,-0.05406738,-0.03402922,0.1256587,0.1858149,-0.262206,-0.0532999,-0.1764449,-0.2169796,-0.19806,-0.2380361,0.03292273,-0.05293366,0.1167503,0.03430796,0.1028389
-0.05886943,-0.1068481,0.0230078,0.07438407,-0.0788178,-0.016675,-0.06405056,-0.09782618,-0.07323791,-0.03526857,-0.09238249,0.0002272203,0.1276567,-0.1632056,-0.01995769,0.02784023,0.03748716,-0.0021213,0.002125928,-0.01557565,0.03607044,-0.008421884,-0.01467626,-0.03364152,-0.01691518,-0.07217834,0.07193344,0.0002006972,-0.03999506,0.0003623415,-0.01864263,-0.05004022,0.01272914,-0.01260941,-0.1421052,0.1799053,0.07929875,0.003479372,0.03528883,4.768547e-05,0.02665653,-0.05876543,0.0002014151,-0.1565847,-0.03760799,-0.0750028,-0.03739129,5.092803e-05,-0.03103826,0.007266631,0.0414587,-0.1092799,-0.1834743,0.07351082,-0.0442573,0.1065316,0.07260352,0.1836015,0.00314153,-0.1386682,-0.04378182,-0.1054566,-0.04552865,-0.09148999
-0.006683584,0.03205487,-0.01721739,-0.1332526,0.06324682,0.1271603,0.06115564,0.07124852,-0.008165741,-0.05170433,-0.000789099,-0.4862073,-0.005441539,0.1022116,0.06601959,-0.01171745,0.0008852181,-0.2678562,0.004908886,-0.1805478,0.01103276,-0.3024384,0.01346933,0.0229168,0.01667297,-0.0393158,-0.3697464,-0.439234,-0.01063864,-0.3386373,0.07526975,0.04452432,-0.289127,0.03515645,-0.006155386,0.06343137,-0.4490996,0.01531355,-0.01204872,-0.416583,-0.4032304,-0.03693687,-0.4606716,0.09619752,0.08091816,-0.03702188,-0.0286083,-0.4615856,0.01108989,-0.06842857,0.04905366,0.1498927,0.1012896,0.002781078,-0.09709065,0.05110634,0.04505353,0.03950557,-0.002949011,0.01629898,0.09602557,0.004678845,-0.02128142,-0.009720369
-0.03304443,-0.01657696,-0.1145893,0.08167709,-0.05771163,0.119138,-0.07048848,0.07312517,0.08269455,0.07356712,-0.005988936,0.04362333,-0.1518316,0.1169271,-0.04026001,0.06444088,0.03396618,0.0743557,0.05199925,0.02719544,0.1228756,0.03409085,-0.1403526,-0.125504,0.1045191,-0.06010621,0.02412393,0.05777271,0.03406221,0.05293299,-0.0350536,-0.1096233,-0.01878093,-0.2139319,0.1923058,-0.2025918,0.0150847,0.02039685,-0.05830407,0.0623629,0.03633067,-0.1564285,0.02603907,0.1134411,0.06273226,-0.1517534,0.01300338,0.04824196,-0.122344,-0.02371842,0.1295515,0.2073468,0.0176436,0.03116045,0.0738344,-0.1299158,-0.1829928,-0.07357334,-0.0157926,-0.07909021,0.0200036,-0.03465225,0.02020545,-0.02238541
-0.04625155,-0.01693079,-0.09339751,0.08261077,-0.06981243,0.03160771,-0.05111614,-0.1533792,-0.06377272,-0.01941157,-0.1240671,-1.495348e-35,0.1448148,-0.2019909,-0.0664693,0.02875883,0.05704211,0.05085488,0.08399871,-0.01596337,-0.01492897,-0.06389502,4.023141e-06,0.07955478,-0.04361085,-0.0008340394,0.1074704,-0.01888575,-0.00871388,-0.02720224,0.009555195,-0.06983025,-0.03097972,0.04712071,-0.1378246,0.2837459,0.02696143,-0.1135453,0.04064273,-0.0008876137,-0.04817691,-0.02505757,-3.80929e-41,-0.1227861,-0.07649658,0.02934616,-0.08050521,-3.918311e-41,-0.01751741,-0.01338103,0.09678783,-0.106618,-0.177647,-0.02716061,-0.02689429,0.2688946,0.2335228,0.2676845,-0.06182352,-0.04714948,-0.02132566,-0.05875251,-0.05095968,-0.07047645
0.09475999,0.05005238,0.003207926,-0.2212123,0.08613017,0.03692596,0.04870971,-0.1032189,0.01256223,-0.009513655,0.02450538,-0.2194271,-0.1130723,0.008884576,0.06541985,-0.03933735,-0.01247991,-0.2301707,0.07475726,-0.1988312,-0.2146571,-0.1687629,0.1322372,-0.1268348,0.06621784,0.08391315,-0.1820845,-0.2029571,0.1059707,-0.2264135,0.006991418,-0.1555178,-0.009886578,-0.00553514,-0.02635719,-0.226326,-0.08540577,-0.06307941,-0.04383853,-0.157767,-0.05114063,-0.06425667,-0.1997945,-0.05560088,0.1171047,0.0196013,0.01380032,-0.1917724,-0.02964699,-0.1267802,0.08454075,0.03859084,-0.00583836,-0.1066154,0.02990962,-0.192823,-0.2005177,-0.2072425,-0.1554294,0.1254437,0.132824,0.08637958,-0.05570091,-0.04247046
-0.006473141,-0.004776292,-0.2508875,-0.09659245,0.1077053,0.01432697,0.1220223,0.166879,0.04702734,0.02456822,0.09421813,-0.03980203,-0.1045202,0.0424291,0.005849188,-0.06605563,0.07150273,-0.2213761,0.009461442,-0.2229731,-0.2164087,0.08465542,-0.01124902,-0.2671419,0.1192672,0.1301671,0.09763104,-0.07722259,-0.04002214,-0.19868,-0.06772587,-0.2703978,-0.1439016,-0.2501667,0.05393577,-0.1728836,-0.1092337,0.08298141,-0.2118138,-0.09856379,0.173287,0.08460492,7.112917e-06,0.06696806,0.04725565,0.004345935,0.02537176,-1.908082e-05,0.04771971,-0.2774957,-0.004528788,0.1059186,0.2570734,-0.217714,-0.01580721,-0.3153826,-0.2057801,-0.2420314,-0.2064233,0.1460039,-0.007597291,0.1646097,0.03196368,0.06214051
-0.2470937,-0.2485589,-0.0087033,0.1566409,-0.2225753,-0.1340906,0.01543145,-0.01321746,-0.1237583,-0.1495306,0.08750529,-0.01573073,0.05145882,-0.005806195,0.06857274,-0.1165589,0.177554,0.136727,-0.09352727,0.2082114,-0.02669893,0.08418404,-0.2186064,0.06906471,-0.1509524,-0.1694176,0.1407526,0.01769178,-0.08806044,0.03214343,-0.1640997,0.1650463,0.08928873,0.08224352,0.03150186,0.04107355,0.03069399,0.09896249,0.08099987,-0.05211658,0.1119509,-0.0449067,-0.03237534,-0.04426209,0.006303771,-0.2548398,-0.1400624,-0.03401199,-0.007142924,0.01456425,0.05888857,0.0009382145,-0.1181538,0.1000508,0.08766262,-0.02392314,0.008177204,0.003951205,-0.03320674,-0.2909382,0.01831578,-0.2076834,0.2021473,0.1030842
0.03614475,0.05664132,-0.188697,-0.01599842,0.176223,-0.007490689,-0.001628683,-0.09790897,-0.0480788,0.02845003,0.03588872,-0.02470822,-0.1461165,0.00931254,0.02185287,-0.05728304,0.002261683,-0.02285761,0.07598881,-0.03900925,-0.1802977,-0.0248975,0.04705378,-0.04071049,0.0319281,0.08867138,-0.005871774,-0.004862404,0.01491836,-0.1083019,0.1219458,-0.1641947,-0.02351058,-0.1225175,0.009616373,-0.1298211,-0.02032697,-0.05672717,-0.1258519,-0.005200095,-0.01278479,0.06423832,-0.01073904,-0.1048591,-0.06444658,-0.02450411,-0.0230062,-0.01153159,-0.07561377,-0.04318734,0.06528206,-0.02598553,-0.001212838,-0.2175071,0.01195118,-0.1551972,-0.1135497,-0.2039982,-0.178751,0.118719,0.02776391,0.1288928,-0.01228181,-0.006815348
-0.1760418,-0.008160484,0.1027401,0.03458835,-0.1501469,0.09012236,0.01442674,-0.06010073,-0.05989977,-0.05183192,0.03253412,-0.003664472,-0.02455799,-0.1342795,0.005280266,0.04669917,0.01365311,-0.05753291,0.0760476,0.05313006,0.1220899,0.01880907,-0.120242,0.1157786,-0.07917263,-0.03142491,-0.08302947,-0.06548128,-0.0643145,-0.007254951,-0.07082382,0.2180016,-0.007371752,0.08924702,-0.08643965,-0.04658888,-0.04789524,0.06827433,0.0462206,-0.000541712,0.2387558,-0.002834465,-0.02872446,0.003714675,0.03192196,-0.129349,0.01234913,0.01654745,-0.08116547,0.06636559,0.1039969,-0.01982384,-0.05211423,-0.02066226,0.04178364,0.008776195,0.0230066,0.214489,0.04860362,-0.07423431,-0.06003077,-0.1570524,0.03963757,-0.02555302
0.1274144,0.123919,-0.1786499,-0.249246,0.1199104,-0.009974193,0.07198279,0.03514804,0.03428539,0.07730972,0.1305853,-0.2720871,0.09920111,0.1849389,-0.01666181,0.03274174,0.02194681,-0.3254927,0.06851588,-0.2406835,-0.04066981,-0.1661638,0.02676717,-0.007442637,0.006373262,0.06555551,-0.08104831,-0.2810996,0.007474368,-0.3245418,0.05242508,-0.1231665,-0.2349899,-0.0173282,0.1142665,0.0816131,-0.2361445,0.06719935,-0.2130647,-0.2849187,0.09302999,0.06335241,-0.2775722,0.09182785,-0.008268209,0.00105806,0.07829309,-0.3020957,0.08664658,-0.1905647,0.01400287,0.1507116,0.1327717,-0.1966179,-0.002824526,-0.02636084,0.08480283,-0.04442475,-0.2188355,0.05165817,-0.003806808,0.1393253,0.02883386,0.05763471
0.05285435,0.01346113,-0.04008434,-0.09313188,0.05568664,0.06646065,0.005849665,0.06847892,0.01521243,0.07298645,0.02338082,-0.2163615,0.04876101,0.2294925,0.07660242,0.1089537,-0.02638768,-0.03899485,0.00647428,-0.07278067,-0.001301485,-0.1455008,0.02862742,0.003865253,-0.0004591369,-0.06798206,-0.1056911,-0.2235912,0.01402708,-0.06833667,0.04622238,-0.1313837,-0.2143806,0.02349266,0.006047795,0.03844086,-0.2030834,-0.004021674,-0.268034,-0.2097162,0.0117285,0.02646938,-0.2197439,0.09782892,0.04412544,0.09632428,-0.05877258,-0.2326104,0.05797789,-0.1417159,-0.1110434,0.1037116,0.0137474,-0.06793855,0.04781998,0.009072335,-0.01708399,-0.02637453,-0.04039488,0.08230031,0.03280725,-0.03391007,-0.109753,-0.05550444
-0.1304627,-0.1362256,0.1520362,0.04103917,-0.2303177,-0.008754728,0.08345892,-0.04909944,-0.1024347,-0.1682534,0.1427848,0.06266589,0.04587433,0.08590522,0.06482752,0.003808952,0.0678492,0.2405573,-0.1164159,0.01384309,0.04203528,0.06769247,-0.1754069,0.1305872,-0.1616399,-0.1520164,0.04404322,0.02176353,-0.111497,0.08667003,-0.1192115,0.105053,0.06427099,-0.002818001,-0.00912694,0.01868415,-0.08739429,0.1130013,0.08635311,-0.02029719,0.05739488,-0.1146403,0.03318726,-0.05323874,0.001064303,-0.09973072,-0.08463477,-0.008165931,0.03474891,-0.06110229,0.02730742,0.05561442,-0.03372779,-0.09788969,0.0648023,0.1202322,0.03912883,0.05469402,-0.02996669,-0.1793,-0.06449653,-0.2671343,0.1579418,0.07154669
0.0701455,0.01960707,-0.2191297,-0.1465044,0.1175969,0.09096725,0.1132694,-0.01937127,-0.03072354,0.03708552,0.02076235,-2.522651e-07,-0.2031191,0.133923,-0.01500267,-0.09926005,0.01660127,-0.0423314,0.2233431,-0.1274969,-0.1170517,-0.06074791,-0.01641655,-0.2402881,0.03987815,0.02772716,-0.1292332,-0.03466719,0.03563853,-0.02138581,0.09772192,-0.1864249,-0.06555615,-0.224766,0.1560752,-0.2409038,-0.07026508,-0.04021343,-0.2027816,-0.01652542,0.2001566,0.01001861,2.040223e-34,0.0577518,0.03689241,0.0454481,0.08125874,-2.74446e-37,-0.01843672,-0.231123,0.1441056,0.1473617,0.04594994,-0.2138812,0.03390186,-0.27769,-0.256274,-0.2965592,-0.1991189,0.1154156,0.1162992,0.03271078,0.02474696,0.04389431
0.008327839,0.02109791,-0.02471768,-0.09125794,-0.03467036,0.02413733,-0.06795719,-0.04426991,-0.02527368,0.01685446,-0.06283648,-4.238417e-06,0.01161237,-0.03248937,-0.006367759,0.03818907,-0.08586113,0.01534559,0.1767754,0.1082335,0.07331748,0.01002593,3.723076e-12,-0.03169218,0.002512237,-0.005658613,0.003177768,2.952026e-05,0.04571119,-0.01333079,-0.005572633,0.01865686,-0.03057471,-0.02377195,0.02411275,0.04935938,0.00235414,-0.07271413,-0.03438738,-0.02661231,0.01511405,-0.04053381,1.316984e-27,-0.02611669,0.04752878,0.07716162,-0.03709207,-5.529254e-26,-0.005078848,0.05776123,0.09498121,-0.0861145,-0.04075571,-0.05042379,-0.04028655,0.0677724,0.05395836,0.003807859,-0.03895313,-0.01977885,-0.02191451,-0.06367654,-0.06924739,-0.04769596
-0.002349508,-0.07456142,-0.07831506,-0.1877763,0.02240807,0.05784214,0.02279613,0.07497428,-0.003555224,-0.07279639,0.1134491,-0.2801857,0.06118587,0.09312017,0.04721671,-0.006830624,-0.03794478,-0.1754546,0.08716421,-0.1599976,-0.0002060519,-0.1549244,-0.008022698,0.04062579,4.611463e-05,0.0745305,-0.1550411,-0.2922391,0.001130305,-0.1911244,-0.05335011,-0.2182112,-0.2169282,0.002418589,0.005356423,0.0680753,-0.1984139,-0.02870174,-0.2269992,-0.2709727,0.006428076,-0.0002955109,-0.2351048,0.1216789,-0.004557346,0.0407569,-0.06980283,-0.2506078,0.02639751,-0.1579581,-0.06327812,0.1870229,0.09040088,-0.1391269,0.02394558,-0.006730609,0.05223161,-0.01341513,-0.1730359,0.02269152,-0.03921452,0.02784728,-0.02772925,0.02006947
-0.02252018,-0.03413453,-0.02328924,0.09468691,-0.04568966,0.04390743,-0.03317678,-0.1117156,0.005273167,-0.0312262,-0.03419098,-0.02052899,0.06368198,-0.02608515,0.01884096,0.003899374,-0.06785271,0.1072544,0.06248995,0.05006495,0.1063787,0.0717641,-6.078894e-09,0.1181209,-0.02293057,-0.09845232,0.05415123,-0.02545444,0.02281417,-0.01526387,0.00387839,-0.01970314,0.08631732,0.03482769,-0.004653697,0.1272261,0.03178808,-0.1099088,-0.0248239,-0.0104938,0.01532379,-0.08053169,-4.874277e-36,-0.09168342,0.0344518,0.0009966184,-0.0379207,8.363481e-36,0.04795357,0.03497033,0.09034602,-0.05998779,-0.07567322,-0.001463183,-0.06028175,0.07861969,0.03387831,0.08351986,-0.05093168,-0.02504308,-0.06815234,-0.09891752,-0.09349,-0.09086785
-0.06382146,-0.005944045,0.1428838,0.2365152,-0.0153178,0.04197242,-0.1235352,-0.05326323,-0.0421793,-0.02431881,-0.09438284,1.39562e-15,0.06248502,-0.1184843,-0.01770251,-0.006795643,0.01285067,0.0075669,0.1441466,-0.007459157,0.2215625,0.1059171,-0.01843727,-0.01449119,-0.06928926,-0.03607965,0.09712807,0.007941196,-0.04550865,-0.01472501,0.02357408,0.04132951,0.07393579,0.01288878,-0.1289046,-0.06995439,0.01670461,0.1440036,0.1223827,-0.0415863,-0.01502831,-0.01699747,-5.221843e-38,-0.03679212,-0.04715751,-0.0526351,-0.02215815,2.785018e-37,-0.02329162,0.01153355,0.1712745,-0.04335817,-0.1022656,-0.001329243,0.02963225,0.01996605,0.01264233,0.144692,0.05368713,-0.05545354,-0.01362771,-0.05337708,0.02795463,-0.07519013
0.1255049,-0.01650042,-0.2377723,-0.1444297,0.2731377,0.05529495,0.08330381,0.05561884,-0.02136402,0.1113999,0.01956716,-0.01964993,-0.2633979,0.1104327,0.002598278,-0.01611554,0.0209767,-0.07938784,0.2054763,-0.1031658,-0.1356407,-0.006209216,0.07398207,-0.2130477,0.07283525,0.1515908,-0.01558136,-0.02433708,0.0629281,-0.06027573,0.07339904,-0.1952895,-0.07280328,-0.2592457,0.06074511,-0.2429247,-0.05712273,0.004615184,-0.211733,-0.006901891,0.149864,0.05584507,0.004545037,0.103595,0.01479322,0.09763791,0.08432586,0.0005245751,0.0562522,-0.1499756,0.07992339,0.1373004,0.06685321,-0.1822284,-0.05302218,-0.3267639,-0.2283836,-0.287027,-0.1402899,0.1933915,0.06816597,0.0152185,-0.05837983,0.05755421
-0.01433292,-0.0119525,-0.02722863,0.001199283,-0.01055975,0.1983901,-0.01349671,0.1316488,0.1216753,0.1417408,-0.004606128,0.01627943,-0.3333891,-0.1611343,0.002541983,0.1282884,-0.07337505,0.03095875,0.2715685,0.04901044,-0.1562491,-0.01108817,-0.1668032,0.02113777,0.06666689,0.1157665,-0.0007470779,0.005856531,0.1018672,0.04120113,-0.05781625,-0.02127999,0.03708946,-0.2350382,0.104342,-0.2968423,0.1130866,-0.08029646,0.01794786,0.04049898,0.04586875,0.1034145,0.0465817,0.3104875,0.03804902,-0.1547381,0.1084274,0.03028182,-0.156295,0.03263032,0.05500642,0.229153,-0.09095594,0.01622857,-0.05340237,-0.253675,-0.2958627,-0.3060285,-0.01514478,0.05636925,0.004865225,0.03627989,-0.05651093,-0.02775064
-0.09633557,-0.2337761,0.1381517,0.1449614,-0.2352909,0.167444,-0.03052982,0.04246301,0.02822087,-0.008183886,0.05262742,-0.05738384,-0.007667644,-0.02851441,0.02545081,0.1325651,0.2040422,0.06235033,-0.0827935,-0.0580871,0.1007012,0.1882573,-0.2418379,0.02469047,-0.1146214,-0.1168416,0.1947465,-0.07038005,-0.03246649,0.0972684,-0.1615163,0.001160761,0.1039523,0.02526214,-0.1003225,0.02666488,0.08164518,0.0697265,0.1723752,-0.05619705,0.06669639,0.01185326,-0.0420338,0.09597931,-0.07002757,-0.1660147,0.01765777,-0.0316692,-0.2196872,0.04626924,0.03495635,0.07615472,-0.07783262,0.2045748,0.108625,0.008338606,0.04700579,0.04545977,0.1430696,-0.153518,-0.1912685,-0.2231501,-0.01377698,-0.02816632
-0.1076036,-0.07938562,0.0196172,-0.01013193,0.01422155,0.116425,-0.112478,0.08772433,-0.03194562,0.02543073,-0.01424691,-0.01264731,-0.0687755,-0.1254974,0.03765431,-0.07290132,-0.05432264,-0.05643884,0.04105145,-0.002903889,0.09050308,0.07164519,-0.03612177,-0.04525753,-0.0434096,-0.02916601,-0.03439231,0.02872768,0.00747616,-0.004688494,-0.1184592,-0.03520652,0.04165129,0.05938073,-0.09823459,-0.08176731,-0.0623384,0.04908624,0.05418969,-0.004990061,-0.03350945,0.02625929,0.01390304,-0.002250918,0.05441237,-0.02055177,0.1251259,-0.02773116,-0.1331364,-0.0210591,0.06036013,-0.09813363,-0.0712494,-0.0339426,0.04965318,0.01266591,-0.06575603,0.01250041,-0.0189356,-0.01248375,-0.0572976,-0.02369241,-0.03819115,-0.0736433
-0.09428138,-0.06145774,0.1333062,-0.01853652,-0.09794284,0.1905923,-0.09624419,-0.02167373,0.01035862,0.06747287,-0.0788861,0.00684725,0.06681404,-0.215655,0.01984455,0.06719768,0.02516594,-0.1057502,0.070563,-0.01695507,0.07172449,0.008134756,-0.05541899,-0.07289632,-0.05180808,0.008908983,-0.06989696,-0.04588408,-0.01962632,-0.001568755,-0.04718697,0.1529556,0.04249657,0.1200052,-0.2178624,-0.01340728,-0.02970762,0.1071311,0.09064686,-0.02549644,0.04996898,0.0521399,-0.0217041,0.008583111,0.05433657,-0.09422009,0.09948507,-0.01638279,-0.06855901,-0.02187959,0.18085,-0.1851969,-0.1724807,0.00711559,0.03475523,0.08962423,0.02300808,0.05804076,0.005185199,-0.08179633,-0.096272,-0.03916648,0.03043716,-0.05081345
0.04401435,-0.08889312,-0.01086265,0.08852126,-0.01101162,0.09126654,0.2813401,-0.06574859,0.01546522,-0.0615717,0.1547829,-0.01924787,-0.1486209,0.1046595,0.07011927,0.1007172,-0.02015154,0.09358172,0.1756838,0.09569658,0.05104216,0.0344401,-0.06023701,0.01646266,-0.09983584,-0.009583545,0.08948064,0.07577395,-0.001903162,0.0194598,-0.1453859,0.03331901,0.06103037,-0.04845233,0.01127965,-0.1149053,0.02605285,-0.1359828,0.02242522,0.08577375,0.3098761,-0.01146495,-0.07815507,-0.08183701,-0.01227243,0.02748398,-0.1962232,-0.03365523,-0.006878606,0.105152,-0.06318232,0.1969319,0.06251657,0.02908763,-0.1330646,0.03493933,0.01855702,0.04039857,0.04696763,0.02646255,-0.01407047,0.00240414,0.06616085,0.09993368
-0.05833174,-0.0375826,-0.2017355,-0.1868864,0.005105508,-0.05955854,-0.01480007,0.08239634,-0.003021467,0.01926441,-0.01298031,-0.3260591,0.0328676,0.007535643,0.00422372,0.1520757,-0.07431929,-0.1683154,0.1235261,-0.1707529,-0.1657396,-0.1454376,-0.04032832,-0.007496271,-0.01498237,0.009913248,-0.1308517,-0.241072,0.2068511,-0.2402371,-0.05754264,-0.2107419,-0.2281332,0.007345929,0.001307235,0.05777986,-0.2510273,-0.1232838,-0.189241,-0.2491516,0.01511846,0.01601448,-0.2264018,0.01846387,0.06236057,0.008061978,-0.02252932,-0.2598659,-0.0568389,-0.06019429,0.008126584,-0.02728574,0.0870274,-0.2046785,-0.1567269,0.02351208,0.04953944,0.01083646,-0.1948325,0.01867984,-0.06629114,0.01376929,-0.1514056,0.06801214
0.06216439,0.03666332,0.2068696,-0.2399507,-0.05672802,-0.006980674,-0.03985087,-0.03393862,0.002428865,-0.01759449,-0.02183469,0.0008015406,-0.09813862,-0.03027862,0.07293013,-0.002554858,-0.1775251,0.1959408,0.1568093,0.2662645,-0.08719116,-0.05154662,-0.03785478,0.01832838,-0.04108157,-0.05240823,-0.05373739,0.0923717,0.06254932,0.0003110511,0.04097116,0.1737584,0.06069626,0.07326664,-0.05060277,-0.06041773,0.04542233,-0.1650095,0.128531,0.01383201,-0.0446672,0.01111371,-2.372102e-19,-0.07966612,-0.07010772,0.0084602,0.01189944,1.147958e-19,0.0400425,0.1574254,0.001980333,-0.08320227,-0.13088,-0.09403791,-0.1315405,0.0005977608,0.009672169,-0.100633,-0.01732769,-0.05505872,-0.04631326,-0.04448782,-0.09205545,-0.004149821
0.05514321,0.006180242,-0.2386857,-0.1674045,0.1433206,0.02812329,-0.06072418,0.1120403,0.1397969,0.1235744,0.06200117,-0.05433225,-0.2538774,-0.04565885,-0.008893496,0.02690096,0.01745716,-0.05048345,0.1787135,-0.1006983,-0.2895312,-0.0733882,-0.01618899,-0.2513233,0.1588019,0.2068067,0.04722991,-0.1082555,0.03644465,-0.1672784,0.005012812,-0.2058971,-0.05621218,-0.1643863,0.07716231,-0.142197,-0.05472168,-0.05294775,-0.1501878,-0.06475298,-0.001347401,0.2454642,0.003735743,0.2064635,0.06780332,-0.05361508,0.102284,0.003701688,-0.08818001,-0.07983484,0.0222041,0.04161208,0.2674515,-0.268052,-0.09576454,-0.2714821,-0.181017,-0.3382541,-0.2371792,0.09060976,-0.009935487,0.1225984,-0.0525636,0.02010086
0.06679558,0.05938073,-0.2309919,0.06570416,0.09371113,0.0239119,-0.04045748,-0.1539328,-0.136845,-0.1295663,-0.01412689,0.06063517,-0.02993515,0.02088095,-0.03608086,-0.09587398,0.07691563,-0.1192857,0.08204002,-0.2632893,0.09052997,0.07372766,0.0210433,-0.207349,-0.03270662,-0.05006733,0.02193138,0.02095502,-0.105584,-0.1313582,0.05061087,-0.1123332,-0.05015342,-0.2283066,-0.04422823,-0.2081131,-0.04913607,0.1716286,-0.170106,-0.07410111,-0.02654982,-0.06676282,-8.654951e-07,-0.1892792,-0.08252251,0.08645835,-0.08148374,-4.244499e-05,0.06484006,-0.204801,0.07261755,0.02474197,0.04016498,-0.1882241,0.1693554,-0.1387037,-0.1156127,-0.001591121,-0.1533121,0.04340835,0.04518019,0.1294334,0.164058,-0.02768985
-0.2180601,0.06158702,0.08161365,0.1948305,-0.1954477,-0.1246415,0.01453884,-0.09305423,-0.1435369,-0.09477839,0.08330257,0.0638808,0.08645372,-0.004138238,0.1818857,-0.07301351,-0.01414595,0.1641409,-0.03047343,0.001753743,0.1053384,0.03817599,-0.1511247,0.06049791,-0.2143226,-0.1986923,-0.03700616,0.1071285,-0.04181681,0.04858654,-0.06981507,-0.05553257,0.01807156,-0.01495108,0.01574008,0.1709009,0.03281671,0.09663296,0.08466143,0.03595716,0.07428239,-0.1384978,0.02437917,-0.1416286,0.0156515,-0.06819527,-0.07859889,0.03380863,-0.05994278,-0.008371192,0.03112631,-0.1113724,-0.1148482,-0.05121732,0.04891054,0.09812976,0.09074581,0.2619567,0.02784282,-0.1571932,-0.07354472,-0.1255286,0.09110794,0.09417378
0.06868759,-0.02935393,0.1981227,-0.06035165,-0.04176602,-0.08011477,-0.1127908,-0.1132525,-0.06143454,-0.03365977,-0.08411527,0.001123471,-0.004112688,-0.07007724,-0.00182917,-0.04548179,-0.2100764,0.09053801,0.1923347,0.3209836,-0.04542063,-0.1154175,-0.04009782,0.1981252,-0.0827845,-0.0454555,-0.08467841,0.02065644,0.01458459,-0.004463902,-0.001062545,0.2844609,0.07389276,0.1491195,-0.002216344,-0.04415299,0.07277448,-0.1090976,0.1860051,-0.01991128,-0.01316996,-0.04277477,-1.204339e-25,-0.1376543,-0.09686151,0.122704,-0.02518301,1.815252e-35,0.06752728,0.2821635,-0.02395954,-0.05228175,0.03832332,0.1032684,-0.09462342,0.02246694,-0.06410465,0.03139017,0.1285071,-0.01492127,-0.07291807,0.01510998,-0.1321247,-0.1067289
-0.0520684,0.02037178,-0.03821048,-0.0008545963,-0.1082312,0.08874749,-0.05421198,0.03783077,-0.02845886,0.04545887,-0.04493859,6.742185e-05,-0.01583876,-0.05870412,-0.03599529,-0.009154312,-0.03170374,0.05825428,0.1138341,-0.02099603,-0.03328763,0.03025346,0.0001396183,-0.04375239,0.05721276,-0.006815824,0.07752877,3.951224e-05,-0.02431281,-0.01581657,0.0184345,-0.04131113,-0.03827998,-0.08736678,0.06596503,-0.01421674,-0.04701484,-0.09532133,0.03298294,-0.03344996,0.02155459,-0.03157778,6.680837e-06,-0.01668917,-0.04564782,-0.01202109,0.02446758,1.55923e-05,0.05237534,-0.0199109,0.0385714,0.0488066,-0.08277857,-0.02182999,-0.08161865,-0.02149373,-0.03377205,-0.04649729,-0.09083112,-0.04231737,-0.07967836,-0.02715097,-0.07642648,-0.04889732
-0.008678064,-0.2182926,0.0357374,0.05126048,0.01080625,-0.001951478,0.1232854,0.1118605,-0.007821844,-0.007082274,0.1022891,-0.06315856,-0.1346055,0.09428125,0.1064692,0.1243516,-0.09428186,0.09039634,0.004410459,0.117523,0.01447643,-0.04741869,-0.1878116,-0.002350433,0.006451311,0.003401066,-0.1220449,-0.006461134,-0.03888627,0.06506805,-0.246724,0.04614606,0.02807442,-0.09030615,0.04924012,-0.0854243,-0.02824743,-0.03391945,0.07610165,0.3419378,0.1600234,0.01244636,-0.06485692,0.07869279,-0.04508441,-0.06980965,0.005861087,-0.03907446,-0.1258716,0.1822106,0.004862632,0.108553,0.07658183,0.05544464,-0.06155241,0.0006844233,-0.09495492,0.01477353,0.05560679,0.01424672,-0.1154367,0.01986272,0.1515995,0.08969254
0.01747924,0.02078314,-0.01737962,0.1063924,0.03217805,-0.02186914,-0.09286173,-0.1583625,-0.08553465,0.01279855,-0.05937891,-9.985725e-13,0.01411104,-0.03882198,0.002772442,-0.0144466,0.04420654,-0.0005784533,0.09051832,-0.01086986,0.109567,0.01958607,0.0001535289,-0.03263804,-0.05267572,0.0226577,0.04245487,0.0005600348,-0.004721685,2.869357e-06,0.008250106,-0.02537575,-0.01152453,0.008879282,-0.1329878,-0.05499782,0.06094126,0.05097407,-0.01022287,-0.01361274,-0.001869697,-0.1138214,6.47554e-41,-0.1164605,-0.1005792,0.06587653,-0.007004523,4.015056e-40,-0.03061595,-0.02107267,0.02424556,0.0130871,0.02440059,0.003394512,0.08267924,0.01405968,-0.003123023,0.1019539,0.03829204,-0.01158327,0.007581614,-0.05455232,0.07051951,-0.06491835
-0.01128891,-0.02995474,0.04417218,0.1134538,-0.02729759,0.07732105,-0.08170246,-0.2002331,-0.1129285,-0.06486933,-0.09846297,-4.169329e-11,0.1134782,-0.1075476,-0.02702064,-0.0779679,0.07381219,-0.02091794,-0.006565373,-0.01078624,0.2188377,0.02636678,-2.768276e-06,0.04657548,-0.07127209,-0.03085235,0.06707456,0.0123406,0.01776576,-8.820997e-10,0.05629321,0.01156983,0.02823943,-0.02217589,-0.1444114,0.02761932,0.03970387,0.1197229,0.0456544,-0.01242472,0.0506812,-0.03932165,-6.584141e-41,-0.1780545,-0.1281283,0.003461469,-0.0914308,4.14413e-40,-0.03888176,-0.008609125,0.08698653,-0.13089,-0.1004827,0.0134909,0.04999564,0.07588139,0.09737075,0.08069499,0.06082211,0.0462884,0.01499532,-0.03792221,0.0813423,-0.0156959
0.02961212,0.06024606,-0.0004825022,-0.08177919,0.01120209,0.08634299,0.1193358,0.1238963,0.02546411,0.07125939,-0.1365698,-0.3086711,0.007660862,-0.01248883,-0.02863291,0.01597037,0.03475926,-0.1968883,0.08372615,-0.1985137,-0.02413596,-0.09271824,0.1098714,-0.0002957542,-0.02041857,-0.009436226,-0.1259951,-0.3002417,0.01215473,-0.2769814,0.0001913722,0.04414869,-0.1057646,0.05662762,0.07973863,0.0435806,-0.3045852,-0.005139417,-0.02653518,-0.3085266,-0.05783052,-0.09638167,-0.2417491,0.1295491,-0.02135384,0.1142167,-0.01138689,-0.2546433,0.0006655423,-0.1569576,-0.005493166,0.02571988,0.0738001,-0.03018161,-0.07454734,0.03064367,-0.01072656,0.02621048,0.003649061,0.02178964,-0.04285926,0.04905371,-0.07764813,0.1165102
0.03221687,0.005325993,-0.2253103,0.02800266,0.1963959,0.09181465,-0.02570719,0.05152787,0.07645035,0.09879097,-0.1052222,0.001100211,-0.1619251,-0.1209001,-0.07576096,-0.05997015,0.07830713,0.002948383,0.03145975,-0.08204045,-0.1249195,0.03023264,-0.05095,-0.1985116,0.1468698,0.3322439,0.1333057,-0.02878731,-0.08361895,-0.07759978,0.01007941,-0.191689,-0.08676334,-0.210496,0.06347582,-0.07558736,-0.02299781,0.06792717,-0.1263892,0.007500569,0.06438065,0.04629382,0.01106627,0.02651772,-0.03467888,-0.02979964,0.1155927,0.01176236,-0.09788989,-0.02886314,0.1864616,-0.09135844,0.04722109,-0.1440507,-0.01774514,-0.2123717,-0.07994317,-0.2171296,-0.1448978,0.1008326,-0.007879056,0.1263746,-0.05061755,-0.08256336
-0.1043119,-0.06777029,0.1135236,-0.04339911,-0.1190785,-0.0176767,-0.1287265,-0.02613709,-0.02064196,0.05261483,-0.03583693,-0.08133389,0.1120676,-0.1384167,-0.03104688,0.004279395,0.04465275,-0.1239918,-0.01011074,-0.08947068,0.1122311,-0.05964263,-0.152647,0.09884184,-0.08503828,-0.06778191,0.08275943,-0.0427721,0.0202795,-0.07562436,-0.01613609,0.03686103,-0.01642648,0.09749904,-0.1567361,0.1087265,0.1457005,0.006806815,0.01735698,-0.1166091,-0.03861928,-0.05825417,-0.06730814,-0.05344151,0.01625274,-0.06323613,0.0175971,-0.05489971,-0.06009787,-0.02633478,0.04069316,-0.117817,-0.1571214,0.09855966,0.02527364,0.1123581,0.1667616,0.164264,0.0807128,-0.142042,-0.07484685,-0.1643347,-0.009833761,0.01163572
0.006878415,0.004612596,-0.01084129,-0.01583825,-0.007841736,0.07547924,-0.05441814,0.04093441,-0.01199302,0.003370756,-0.09256753,-0.4094816,0.01511818,0.0349598,0.02833664,-0.04229137,-0.07698202,-0.1403965,0.07443052,-0.07840464,0.0247246,-0.3259813,-0.01991075,0.01366964,-0.0232049,-0.02756189,-0.3485796,-0.3331985,0.09808511,-0.1835467,0.01259162,-0.0124137,-0.3036225,0.01347176,-0.007386554,-0.01651634,-0.3697886,0.01998691,-0.04604661,-0.3469207,-0.1265134,-0.02327597,-0.394215,0.03460997,0.02157706,-0.02317016,0.02601963,-0.4022657,-0.01559505,0.01517025,0.01697701,0.09791783,0.01564598,-0.06176882,-0.1345764,0.006797681,-0.004551477,0.01335602,-0.0179924,0.01819258,0.006777318,0.0070222,-0.1600122,-0.02481623
0.06537953,0.01008227,-0.0448714,-0.199848,0.03739007,0.1324553,0.09841885,0.03856977,0.1951007,0.04322896,0.1715,-0.2187377,0.02227255,0.08411926,-0.02405324,0.1081673,-0.04177455,-0.1717512,-0.03697506,-0.140268,-0.1614814,-0.2068437,-0.001350735,-0.02831482,0.0700259,0.02315845,-0.1312723,-0.256712,-0.01288703,-0.1248886,-0.007535254,-0.09623941,-0.02217998,-0.005373088,0.003827537,0.03524033,0.02311593,-0.111894,-0.101059,-0.2038912,0.1517322,0.01466315,-0.2426447,0.09203462,0.07945201,0.008574273,0.0556364,-0.2416962,-0.03620289,-0.1515589,-0.05024298,0.0957851,0.1607461,-0.1304621,-0.03174604,-0.09502647,0.01644644,-0.1382862,-0.08576355,0.004519085,-0.02906871,0.0340329,0.02176304,0.06327818
0.0639111,0.1592694,-0.1123377,-0.1449797,0.06159896,-0.02551776,0.07558855,-0.06621721,0.1114149,-0.0248064,0.1262457,-0.1668969,0.05038686,0.1128807,0.001412223,-0.01958317,-0.05716796,-0.195384,0.1625707,-0.1303501,-0.1548243,-0.1522,0.09484746,-0.1309454,0.02373118,0.0007371492,-0.118985,-0.1991826,0.1196079,-0.1827664,0.06988488,-0.2199985,-0.03141307,-0.08973382,-0.05201492,-0.1154179,-0.001202672,0.02379978,-0.1666159,-0.170499,0.123045,0.08064186,-0.1562583,-0.01166949,0.01165985,0.09458935,-0.02173909,-0.1461829,0.1559701,-0.2065306,0.02359432,0.1532665,0.03107351,-0.1043422,-0.03114856,-0.2062095,-0.1167021,-0.1869874,-0.2251407,0.1217804,0.09275838,0.02829326,-0.0174045,0.1024122
-0.03196356,0.008018708,0.104471,-0.03565499,-0.03685994,0.0797997,-0.02919992,-0.1659277,-0.03599137,0.002387619,-0.08741789,7.434211e-05,-0.09240389,-0.05098053,0.05072673,-0.01475649,0.001175284,0.03754868,0.06924789,0.0838143,0.05587812,0.001496666,-0.006036457,0.06265912,-0.03945535,-0.02636584,-0.130311,0.01472822,0.07883947,0.001592673,0.03168309,0.1362325,0.003094512,-0.01460561,-0.1230593,-0.1076206,0.02408509,-0.04706727,0.1279652,-0.01468772,0.02663028,0.006102566,-1.573734e-16,-0.1085429,-0.1077219,0.03439005,0.03288111,-1.956291e-11,-0.08914175,0.06052351,0.1053708,-0.09449743,-0.06963158,0.007675752,-0.01764825,-0.03853696,-0.06110001,-0.02246427,0.02156919,-0.00905477,-0.00796489,-0.01540743,-0.03603329,-0.0350021
-0.05075593,0.1298447,-0.2358399,0.01032929,-0.0356511,-0.01554354,0.1155944,-0.01836914,-0.03352783,-0.02988247,0.1072062,0.02449987,-0.1141329,0.1511232,0.003323459,-0.1104877,0.01246299,-0.04893303,0.03307317,-0.1161461,0.01463728,0.02647372,-0.02021076,-0.1624402,0.01692466,-0.04099042,-0.06307801,-0.02745668,-0.04867203,-0.06460035,-0.06342385,-0.1400681,-0.05100869,-0.2203501,0.1590678,-0.2022432,-0.1014629,0.08535925,-0.2559581,-0.04827817,0.2026449,0.07593615,0.007647591,-0.00237393,-0.08378407,0.1135046,0.04095544,0.01415615,-0.006512164,-0.178379,0.03267598,0.07664168,0.09159719,-0.179952,0.0390909,-0.1498252,-0.09613507,-0.09000589,-0.1321703,-0.04830468,-0.04364716,-0.05057546,0.1619407,0.06483503
0.09379096,0.06534953,-0.03927366,-0.1908778,0.1481593,0.1119808,0.0260748,0.03922808,0.02186825,-0.02809552,0.05693729,-0.1469354,-0.175109,0.0910909,0.0758848,-0.02718717,0.0004986997,-0.2252194,0.02867108,-0.04566668,-0.2923757,-0.1507664,0.07689665,-0.06719083,0.08354922,0.1344593,-0.1623038,-0.1936206,-0.01456002,-0.1848119,0.1603622,-0.07285946,-0.1349016,-0.1027859,-0.01360802,-0.2135937,-0.190894,-0.02675954,-0.01008729,-0.1070159,0.0767056,-0.03968652,-0.1162056,-0.004074294,0.1420572,-0.02601082,0.1209474,-0.1262652,0.09820138,0.04316733,0.13412,0.02474926,0.03275486,-0.105967,-0.02922114,-0.2231514,-0.1383664,-0.2704036,-0.1939449,0.1225655,0.1169208,0.1302016,0.004825281,-0.07266214
-0.08577637,-0.246937,0.1133667,0.031438,-0.007832811,0.0007389326,0.05169908,0.1158196,0.01237237,0.01415709,0.1245808,-0.05643446,-0.06365757,0.04294995,-0.01703119,-0.009553814,-0.1525239,0.1443327,0.01903524,0.04843051,-0.04183353,-0.07745358,-0.2400867,0.02468808,0.02368514,-0.008651419,-0.1819027,0.007970327,-0.05303534,-0.01605032,-0.2044012,0.03803351,0.1340488,0.09490256,0.01109505,-0.07464045,0.1198995,-0.03537954,0.1145714,-0.08053874,0.1170045,-0.008068481,-0.07161822,0.0685922,0.01088244,-0.06424519,0.05218636,-0.0791397,-0.1808334,-0.007989924,-0.03559013,0.01590048,0.07380625,0.0820882,-0.01736118,0.00933362,-0.1057639,-0.0158509,0.04328136,0.01201227,-0.1852739,0.01938895,0.09431946,0.05859809
0.02039415,-0.02270034,-0.006535696,-0.1165254,0.09701993,0.01275008,0.1107,-0.05345525,-0.003922237,-0.0388874,0.02370794,-0.2117115,0.03261006,-0.00190214,0.03969889,0.02391876,0.1140115,-0.1472386,0.1435379,-0.1602378,-0.2100882,-0.1477143,0.01541624,-0.1317087,-0.005829811,0.07534588,-0.06946853,-0.2434493,-0.08040154,-0.201702,-0.07750549,-0.1504232,0.0003473356,0.01445508,0.01121142,0.03781006,-0.01404211,-0.06961253,-0.03576835,-0.2424686,0.06567481,0.05374874,-0.2107613,-0.05189033,0.001737986,0.06477357,-0.08986119,-0.189114,0.1132199,-0.1274526,-0.02817119,0.1187623,0.1085901,-0.03240257,0.03919332,-0.150935,-0.07108719,-0.1911394,-0.1249717,0.02773769,-0.07241511,0.05402928,0.01496611,0.02235316
0.05059666,-0.1255799,0.008416872,-0.1295877,0.06747137,0.03338349,0.06410895,0.09131867,0.1151879,0.06716426,0.0643498,-0.1626866,-0.0372537,-0.004397393,0.04520844,0.06838041,-0.03999197,-0.1794545,0.0538488,-0.140999,-0.2073627,-0.2052135,0.03259595,-0.03154617,0.04960122,-0.02854989,0.01088043,-0.227084,-0.06751512,-0.1614743,-0.08272668,-0.07185308,-0.1420143,6.773847e-05,0.1314093,0.009738435,-0.0772895,-0.09301348,-0.04841652,-0.1882556,0.06080283,-0.001562337,-0.2595152,0.03765805,-0.01342175,-0.1215254,-0.02010504,-0.2496884,-0.02761494,-0.02205016,0.05302344,0.1803194,0.01804583,-0.06234061,-0.01186684,-0.1338089,-0.1147776,-0.2117785,-0.1465923,0.02543275,0.00430876,0.1130639,0.03689029,0.009017711
-0.04062111,-0.02116445,0.08527308,0.02419616,-0.09866321,-0.03606645,-0.07696052,-0.1901145,-0.07694108,-0.02649251,-0.05670984,-0.004112338,0.06710644,-0.1122535,-0.004449542,-0.01019142,0.003661481,-0.05427625,0.1743934,0.009284231,0.09567615,-0.002230801,-0.004653701,0.007197517,0.005636051,0.006311429,0.07964294,-0.0216359,-0.01303296,-0.02594192,-0.01682722,0.07776378,-0.06280904,0.007430308,-0.1140026,0.09723607,-0.04935377,0.004214533,0.01515414,-0.04197711,0.01309197,-0.0882182,-0.02771232,-0.1040364,-0.07037751,0.02145563,-0.02905705,-0.04292254,0.02949761,-0.006676262,0.07398953,-0.1244402,-0.04769636,-0.01277546,0.03623984,0.06701267,0.09881049,0.01294518,0.1407777,-0.1104169,-0.01798962,-0.097749,-0.1054469,-0.04671338
0.03362184,-0.04486394,-0.003599566,-0.003563144,0.05917098,-0.01064552,-0.1110104,-0.2170038,-0.242052,-0.249118,-0.124428,0.005432479,-0.04171984,0.03855963,0.02378835,-0.008659929,-0.03697574,0.008569015,0.1225852,0.01924584,-0.3591514,-0.003394143,-0.06212202,0.0306788,-0.2467353,-0.2230353,0.01126102,0.0009163223,-0.008583771,-0.003428717,0.007900329,-0.04832146,-0.03109204,-0.00616285,0.1271447,-0.03519292,-0.01892263,-0.09071313,-0.02261642,0.006846101,-0.1324191,-0.2406688,-0.02336628,-0.001299073,-0.1058125,0.06057227,-0.2692301,0.01142694,-0.05988006,0.02814163,0.04150379,0.09788872,0.1160639,-0.007509544,-0.06360526,-0.09066079,-0.1936753,-0.2778793,0.005248849,0.05563744,-0.07673035,0.07939133,-0.06879757,-0.04756781
-0.07038281,-0.02334714,-0.07218976,0.07789169,-0.08127198,0.2087903,-0.02209447,-0.01241164,0.04656043,0.01358923,-0.1429182,-3.098411e-41,0.1543064,-0.1683524,-0.1121911,0.004639269,0.05313981,0.1407987,0.1529937,0.005111118,-0.007379838,0.09182193,-3.781092e-06,-0.0314257,0.0259636,-0.003694795,0.2107769,8.706267e-41,-0.01956622,1.52665e-22,-0.01743143,-0.01986451,-0.01536606,-0.0854395,-0.0004599306,0.1307505,-0.03906705,-0.09799694,0.01645209,6.959986e-06,0.1041098,-0.002185746,8.839251e-41,0.02896543,-0.0376869,-0.01704446,0.002503293,1.174666e-40,-0.03587576,0.02504649,0.1065127,0.005202216,-0.04902409,-0.04172467,-0.008945354,-0.02277649,0.09309383,0.1064606,-0.03839015,-0.08767828,-0.06810352,-0.0579725,-0.09653693,-0.1432783
0.2110052,0.1470256,-0.2942063,-0.01971151,0.1927041,0.09936663,0.02025244,-0.09250234,-0.068096,-0.09539235,-0.08094282,-0.007693045,-0.1266697,0.05596493,-0.103657,-0.04473746,0.05545313,0.04510516,0.1632626,-0.2154187,-0.08408835,0.007722496,0.09674675,-0.2505283,-0.03041301,-0.02682735,-0.01490884,-0.04357562,-0.008943799,-0.08174207,0.08946295,-0.216257,-0.06206549,-0.2589414,-0.03413739,-0.08621208,-0.1399894,-0.02687033,-0.2462249,-0.01795706,0.1237495,-0.04899077,-4.523298e-11,-0.1304083,-0.07131621,0.1439657,-0.07951045,9.116942e-17,0.1439565,-0.2638216,0.1367638,0.04641272,0.1507758,-0.2446225,0.01646835,-0.2620955,-0.1883259,-0.1051716,-0.25242,0.07380726,0.1545099,0.06518152,0.01791244,-0.07507861
0.04205636,0.02463006,-0.02443437,-0.08235174,-0.003968669,-0.1538066,0.1603234,-0.2261964,-0.08031454,-0.1741126,0.04616485,-0.2227032,0.09319242,0.1648944,0.1558203,-0.018189,-0.05812204,-0.02822633,-0.005089789,-0.01290669,0.05756787,-0.1212643,0.03827788,0.02725765,-0.1470906,-0.1678339,-0.2561634,-0.1745561,-0.06656897,-0.1283491,0.06777555,0.00944719,0.07736515,0.05906038,0.09644239,0.01867009,0.01853682,0.006384754,-0.02144378,-0.1322405,-0.0170379,-0.1884986,-0.2185836,-0.1659075,0.01260765,0.06802619,-0.2042704,-0.2662771,0.007063342,-0.07904574,-0.05698927,0.001956322,0.03391165,-0.03016302,0.02885701,-0.009596963,0.02231802,0.03730841,-0.01924517,0.02159997,0.002316528,-0.01787016,0.07263006,0.1022304
0.01181609,0.06519161,-0.05653043,-0.07637417,-0.03775624,-0.002881652,-0.0284406,-0.05674623,-0.05393445,0.05152797,-0.03938765,-9.480975e-07,0.1063275,-0.0930287,0.05895402,0.09977981,-0.00529768,0.0289054,0.06877212,0.01897581,0.04259583,-0.03038035,-0.009552427,0.09611665,-0.05729306,-0.02550785,0.1074506,-0.003252746,0.07165546,-0.03135212,0.06878486,-0.05932899,0.05095945,0.09637083,-0.0398481,0.1401669,0.004863098,-0.1178516,0.01316746,-0.007508772,-0.04980858,-0.07236643,-6.537067e-28,-0.03070109,0.01582034,0.06293635,0.03956873,-1.999067e-25,0.01830164,0.05586467,0.03758829,-0.05589088,-0.1129107,-0.07986116,-0.1291481,0.1864038,0.204129,0.2001641,-0.08276778,-0.08091312,-0.09507488,-0.04801221,-0.1259956,-0.09278132
0.03712894,0.04325347,-0.3583362,-0.1376801,0.2730516,-0.02834809,-0.0531284,0.052965,0.1428147,0.1552819,-0.006991182,-0.0402053,-0.0865667,-0.04799718,0.036171,-0.004874383,-0.03926048,-0.1289688,0.1118572,-0.2093164,-0.2348561,-0.01139337,0.03580411,-0.1891222,0.1864686,0.1437103,-0.04165985,-0.0591081,0.09022742,-0.1917495,0.1056807,-0.2853937,-0.09706721,-0.2163668,0.04206823,-0.1036626,-0.09040876,-0.08835107,-0.2069445,-0.02333696,-0.06437112,0.05885949,-0.01396024,0.0906602,0.06617324,-0.04247849,0.1160713,-0.0254888,-0.0434141,-0.169671,-0.007712853,0.02168931,0.1765474,-0.3382319,-0.1141738,-0.2410935,-0.09981573,-0.2564431,-0.3184004,0.2153509,0.01304835,0.3059992,-0.03474522,-0.03130076
-0.1001738,-0.09179701,-0.01898359,0.1671699,-0.06893607,0.03094744,-0.03728803,-0.1118201,-0.05406956,-0.05481694,-0.09255278,2.584646e-18,0.0832551,-0.04387923,-0.05140587,-0.07260765,0.05274966,-0.02473647,0.08808903,-0.03450605,0.1331624,0.04310509,1.13119e-05,0.0314038,0.005435144,-0.03574305,0.06926286,-0.02538925,0.02813806,4.305373e-12,-0.04349438,-0.01919645,-0.03309723,-0.04548978,-0.02138904,0.08444166,-0.002575834,-0.004268783,-0.0006127871,-0.001185781,0.01542264,-0.1488982,-4.268776e-41,-0.1434298,-0.003107832,0.0002234242,-0.0711226,5.469688e-41,-0.01723977,-0.02792915,0.09553929,-0.0773778,-0.1337127,0.04178852,0.06964786,0.06262343,0.05632578,0.06615058,0.01610346,-0.09175716,0.05531316,-0.08808361,0.004264799,-0.06410626
0.006597624,0.07610554,-0.1687591,-0.1742187,0.06126158,0.05823976,-0.00025288,0.200371,0.1769571,0.1790174,0.1179359,-0.08194926,-0.2449985,0.05460557,-0.02437464,0.01709021,-0.04183477,-0.1745189,0.02415284,-0.1188632,-0.03284435,-0.04608657,0.116995,-0.1904274,0.1207445,0.0930862,-0.1789035,-0.148412,0.0448392,-0.1106678,0.08736619,-0.1350317,-0.1439972,-0.2162188,0.1094407,-0.2695484,-0.1261796,-0.06579815,-0.1092375,-0.08623382,0.1792677,0.3239094,-0.04477973,0.2162198,0.1426728,-0.01916234,0.184087,-0.07000677,0.0234638,-0.1137587,0.01027828,0.1219512,0.111532,-0.1664665,-0.04926163,-0.2083058,-0.2184355,-0.2151327,-0.1546996,0.05985669,-0.01133099,-0.03038054,-0.04926005,0.04174407
-0.02491574,-0.2417858,0.0805473,0.0951312,-0.00687164,0.09570949,0.08008692,0.190602,0.008504566,0.01774077,0.07662304,-0.0723958,-0.05937012,-0.04542299,-0.008047893,0.02065998,0.03855757,0.004693234,0.04153667,0.08798426,-0.03663055,-0.07619201,-0.2089418,-0.05090707,-0.004961997,0.003650974,0.01992859,-0.001392843,-0.008178187,-0.003278151,-0.2471863,0.08102433,-0.1097891,-0.01869906,0.02076072,-0.04745648,0.03257314,0.04098034,0.07389817,-0.1887864,0.0909415,0.04135439,-0.06684509,0.1799816,-0.01050985,-0.1260616,0.01415476,-0.08224986,-0.2132888,0.1625548,-0.06129399,0.02303537,0.03131777,0.0502245,0.05633019,-0.02494554,-0.03042242,-0.0350329,0.07792735,0.01430723,-0.07732338,-0.01368003,0.1445983,0.1257828
-0.04707062,0.006917022,0.02883382,0.1751359,-0.01888429,0.09505108,-0.08013873,-0.1089975,-0.08208726,-0.03696108,-0.1102495,3.13325e-34,0.06054928,-0.07742614,-0.0495783,-0.09235675,0.1122055,0.02146169,0.06619874,0.004222277,0.1569874,-0.02568727,1.467772e-06,-0.0456659,-0.01999189,-0.01622523,0.0732004,0.03135761,-0.04665508,-7.22171e-38,0.0664569,-0.003266839,-0.001972204,-0.01177469,-0.1324198,-0.05731234,0.07697838,0.1747769,-0.006504823,-0.006800774,0.150516,-0.03719529,2.016468e-42,-0.1577412,-0.0831944,-0.03053783,-0.0524153,1.725993e-40,-0.04058584,-0.06050761,0.1344986,-0.07649814,-0.06954441,0.007358856,0.1363944,-0.001821645,0.0200233,0.0730318,0.04707043,-0.0636356,-0.01048705,-0.05117692,0.07020655,-0.1077113
-0.07070863,-0.05040757,0.0896456,0.1494336,-0.007000667,0.01753867,-0.09424739,-0.1662453,-0.09467469,-0.01171568,-0.08816537,4.099162e-19,0.1009467,-0.02450708,-0.02261727,-0.0002256336,0.0117126,0.02516307,0.05269971,0.07260492,0.2075693,0.03752034,6.990818e-05,-0.0001959338,-0.0395438,-0.01812735,0.09462965,0.0004209395,0.002787828,-0.005447573,0.02735161,0.05978126,-0.01261687,0.01799347,-0.08748385,-0.0306791,0.06802719,0.1385776,0.07813308,-0.02236561,0.0278642,-0.1096839,1.206407e-28,-0.1401827,-0.07934973,-0.04443947,-0.0906595,-5.107172e-41,-0.06200594,0.0580342,0.08999047,-0.1274887,-0.1425999,0.001916992,0.1126701,0.01919804,0.01832356,0.1178464,0.05668435,-0.04278623,-0.06297249,0.008448979,0.009168467,-0.04990924
-0.05668454,0.1137537,-0.1468463,0.04802786,-0.007339996,-0.04599499,0.1006226,-0.1478187,-0.0709981,-0.04408146,0.04375479,0.0009860243,0.1013945,0.04427286,-0.02693278,0.03765789,0.03069666,-0.05915707,0.009953831,-0.115275,-0.02869969,0.02844438,0.009798913,-0.02221029,-0.01059377,0.02261073,0.1571108,-0.006281219,-0.01968164,-0.08214427,0.1101481,-0.1900477,-0.02617632,-0.03230573,0.003202365,0.07769838,-0.0122002,-0.02854362,-0.09703733,0.01335707,-0.01849568,-0.02058202,3.297921e-24,-0.05488362,-0.04729107,0.01942866,-0.06765983,-1.625425e-10,-0.02765361,-0.01645223,0.04179198,-0.06623862,-0.1046006,-0.1695608,-0.02956651,0.01504628,0.1724539,0.1880581,-0.193197,-0.04938116,-0.04417977,-0.06645934,-0.02611683,0.02554618
0.01555939,-0.04045245,0.1227197,-0.03830636,-0.1306173,-0.03087665,-0.0358954,-0.08798173,-0.02499419,0.02730557,-0.07962965,-0.06759824,-0.03871381,-0.03687816,0.006761727,0.09662085,-0.1653889,0.07786217,0.1111677,0.2007833,-0.07055946,0.01705294,-0.1458765,0.1191007,-0.04415465,-0.02942952,-0.01581163,0.007610533,-0.01395014,-0.05704265,-0.04755075,0.1119645,0.1048462,0.1210266,-0.05356305,0.08925447,0.02599595,-0.1170109,0.08686875,0.1064277,0.02871744,0.00637331,-0.02957478,-0.03139419,0.0733659,-0.03679434,0.09871727,-0.02990688,0.01977872,0.1199629,0.02983658,-0.05363239,-0.1080723,-0.08466852,-0.140336,0.05991277,0.07789749,0.06576736,-0.01123123,-0.0686418,-0.02356636,-0.06355105,-0.1070271,-0.08703208
0.04820175,0.1198811,-0.1421634,-0.2597323,0.1352246,0.1149385,0.01926038,0.237186,0.1025263,0.2234868,0.02958922,-0.1945434,-0.2406086,-0.03218997,-0.03313966,-0.01697076,-0.05789033,-0.1727613,0.1591651,-0.2095394,-0.06111247,-0.09792628,0.1424098,-0.217868,0.1605562,0.1512604,-0.1666335,-0.1512356,0.134188,-0.1434523,0.1680382,-0.108675,-0.1518757,-0.1760651,0.01087399,-0.2274921,-0.169699,-0.04348086,-0.1726434,-0.117136,-0.04581307,0.1464045,-0.2224419,0.2416847,0.06527939,0.01997317,0.2756267,-0.139422,0.05617439,-0.1942647,0.06286421,0.1992714,0.03766996,-0.18877,-0.06722882,-0.2435855,-0.2573327,-0.2808774,-0.1379469,0.1575316,0.1021444,0.08127119,-0.08600738,0.005318869
0.1169414,0.02952637,0.02249144,-0.3017584,0.08227873,-0.01612083,-0.03429187,0.001705957,0.04076781,0.05065659,0.007026824,-0.3343175,-0.0002784619,-0.0670081,0.1256798,0.1297944,-0.1276439,-0.1983468,0.0413678,-0.03037371,-0.06408784,-0.3298362,0.0966825,0.05176995,0.04585333,0.06535351,-0.2878715,-0.2909922,0.1111648,-0.297218,0.05501255,0.04187602,-0.2357417,0.06106666,-0.2461764,0.0301312,-0.3168336,-0.1239798,0.03488516,-0.2811628,-0.0890822,0.04493888,-0.330773,0.04643265,-0.03226191,-0.1231486,-0.01212106,-0.3151296,0.03181186,-0.00119485,-0.06908604,-0.03141028,-0.04352223,-0.2157712,-0.09975227,-0.0008271565,0.05818965,-0.0294061,-0.1901797,0.04575614,0.08330314,0.01898997,-0.06912595,0.05730272
-0.2243991,-0.1831682,0.05359092,0.1266433,-0.2262875,-0.0277914,0.01271269,-0.06962596,-0.1463781,-0.08597001,0.02413688,-0.03461005,0.01310003,-0.02824117,0.09877163,-0.06214804,0.1020928,0.09577864,-0.04434787,0.09918862,0.001641479,-0.01583662,-0.168643,0.06013123,-0.09305395,-0.1553748,0.009914289,-0.009326993,-0.08836287,0.02627392,-0.1420435,0.009250185,0.003808433,0.01059668,0.03052773,-0.01308695,0.09296495,0.08810331,0.02083675,-0.06682935,0.07168806,-0.03786894,-0.0571239,-0.05929826,0.01513909,-0.2120028,-0.08732635,-0.03334639,-0.01944038,0.09130449,0.05169566,0.02621456,-0.1396714,-0.04613121,0.04216278,0.09910012,0.03017703,0.05091605,-0.03128335,-0.1434202,-0.01423117,-0.2104931,0.1589549,0.05954204
0.02172926,-0.008546832,-0.2331186,-0.0434295,0.2531877,0.1063063,0.09182832,0.1097635,0.08031721,-0.004244209,0.09842438,-0.03546501,-0.1880135,0.1049645,-0.03108576,-0.04943853,0.1159606,-0.1914893,-0.01305458,-0.1592319,0.08316464,0.06205515,-0.006662548,-0.2269084,-0.00780649,0.02452363,-0.01258497,-0.0964603,-0.01413467,-0.1686106,-0.01806196,-0.1096033,-0.1789643,-0.2877221,0.04611555,-0.2381201,-0.1184326,0.2392391,-0.2723121,-0.05013966,0.2027199,0.01803198,3.780831e-17,0.02628592,0.03751473,0.06391042,0.01095876,4.150724e-06,0.134227,-0.2371613,0.1054452,0.156915,0.145805,-0.229966,0.1032781,-0.2164371,-0.1280979,-0.08616542,-0.1959857,0.2063282,0.001247923,0.1228973,0.1854968,0.05335275
-0.08309407,-0.2716592,0.04259538,0.06861403,-0.02741569,0.1365087,-0.06375511,0.1162169,0.03062913,0.03646639,0.00242089,0.01345567,0.005945833,-0.135821,0.01977093,0.08328166,0.012185,0.1511588,0.0532383,-0.01477749,-0.01758287,0.1325349,-0.2887982,-0.01488627,0.0390678,0.03604104,-0.05041171,-0.0807225,-0.01063905,0.04347567,-0.2480796,-0.02211495,0.124308,0.06182063,-0.1391716,-0.02548233,-0.05175392,-0.064937,0.1539276,-0.09315825,-0.002112625,0.0139923,-0.04482053,0.1202797,0.07675046,-0.1638774,0.07225158,-0.04921395,-0.3456951,-0.08026393,0.05668322,0.09083277,0.06869166,0.04679803,0.02233405,-0.01398163,-0.05266835,-0.03566083,0.01954622,-0.06295416,-0.2636206,-0.0182177,0.03279667,-0.02776601
0.1242427,0.07764491,-0.2909322,-0.09699254,0.2649198,-0.01897111,-0.07936792,0.0977587,0.03559648,0.04146422,-0.02918928,-0.001165195,-0.161614,-0.01334461,0.04422664,0.01259214,-0.08135615,-0.05730475,0.09557933,-0.1174019,-0.2452264,-0.01364938,0.04108254,-0.09830973,0.1471451,0.1860157,-0.02218692,-0.008092829,0.05752452,-0.1613609,0.1212393,-0.2038543,-0.01460163,-0.1771889,0.07445738,-0.1215824,-0.06385759,-0.02215193,-0.1242615,-0.00705048,-0.08788476,0.1795855,0.0007934949,-0.04358773,-0.02499596,0.01225231,0.1340602,0.008919655,0.0009400652,0.01404739,0.05525934,0.003882616,0.03789604,-0.2899098,-0.07041933,-0.1587206,-0.07153339,-0.2414252,-0.2454236,0.2748142,0.04854428,0.2495887,-0.05883999,-0.05512602
-0.06448619,-0.04632676,-0.1497122,-0.1735126,-0.001532406,-0.0002650147,0.2314315,0.1256054,0.04483275,0.04318426,0.1597858,-0.2305395,0.07322226,0.07129749,0.01890761,0.05918107,-0.03158415,-0.1850783,0.1093576,-0.2336141,0.01572195,-0.2340492,-0.08407194,-0.00529496,-0.06861801,-0.01746797,-0.1475192,-0.2254838,0.06959626,-0.1307265,-0.06514752,-0.2577459,-0.3079006,0.040844,0.0666933,0.06304757,-0.2873924,-0.03387079,-0.3317904,-0.2622611,0.2565097,0.001570311,-0.2018498,0.06414165,0.09264491,-0.08407727,0.07913867,-0.2319181,-0.07262366,-0.2340422,-0.04368104,-0.03408924,0.05556272,-0.05933777,0.04303911,0.01050533,0.03473019,0.002794064,-0.1050436,-0.03187552,-0.00559207,0.04463853,-0.0001390868,0.2162374
-0.07001919,-0.09585456,-0.01632959,-0.03700953,-0.1402495,0.007793395,0.01335429,-0.02582951,-0.01640703,0.02764077,-0.1051798,0.0162365,0.1314128,-0.06602057,-0.0135444,0.08143658,0.05891006,0.1465453,-0.01531093,0.06484325,-0.1789704,0.09379857,-0.1253045,0.1716919,-0.03035842,-0.05941369,0.09982793,0.02594505,0.01060044,-0.01693084,-0.0275616,-0.02194025,0.1292521,0.1074863,-0.03735246,0.09053188,0.01449716,-0.1035279,-0.008553604,0.0004654278,-0.02165236,-0.0359237,0.03400939,-0.0256436,-0.04767817,-0.0320798,-0.0001762359,0.01291569,-0.03138809,0.0684951,0.04388457,-0.08612078,-0.1608602,0.03695601,-0.1087389,0.1482088,0.06902249,0.09049554,-0.07248847,-0.1337594,-0.1027521,-0.05620423,-0.1895031,-0.0377814
0.06167307,-0.05951225,0.01220722,-0.1534241,0.06661992,0.00380683,0.1878561,-0.07424017,0.05795801,-0.02872067,0.02954657,-0.3193265,0.08137268,0.06353772,0.1438368,0.009390673,-0.1646244,-0.1427057,0.1465934,-0.08875993,-0.07108154,-0.2469875,0.04310403,0.07920508,0.0009359901,0.05323869,-0.3110681,-0.2266115,0.1905133,-0.1763635,-0.01110415,0.08087139,-0.0893124,0.06715705,0.000918733,0.04309579,-0.03211515,-0.1998104,0.08457623,-0.162416,0.1748312,-0.129706,-0.2730966,-0.2275332,-0.0496649,0.01003671,-0.07661056,-0.277744,-0.01454512,0.1239827,0.02232511,0.1540064,0.06088034,-0.03889122,-0.186031,0.01047141,0.03987076,-0.03202198,-0.08044437,0.1148446,0.004808977,0.01140256,-0.07223886,0.07305214
-0.06942598,-0.002241048,-0.008890549,0.03847581,-0.0452351,0.03341259,-0.03686328,-0.00689092,-0.003221445,0.05133108,-0.08708466,-2.41221e-35,0.03350888,-0.08891499,0.007560545,0.03590971,0.06308353,0.07791911,0.1008757,0.05114517,-0.1042142,0.02253901,-8.510515e-25,-0.001693089,0.02284891,-0.01114383,0.03863542,1.754706e-41,-0.05144851,-0.003091686,-0.03379051,-0.01852234,-0.01242577,-0.01975387,0.05380366,0.09052019,-0.0278621,-0.03893715,0.05673211,-0.006515356,0.06383105,-0.0286066,-8.717478e-41,0.03395423,0.02649491,-0.07245076,0.0651169,-4.045689e-41,-0.005743407,0.005351835,-0.00807664,-0.02559832,-0.1097256,-0.01581686,0.03871415,0.007900535,0.001778909,0.04623594,-0.07614242,-0.03196027,-0.03621763,-0.03921477,0.005854822,-0.1187982
-0.002442947,-0.01451973,-0.1603122,-0.1227129,0.04601511,0.1504239,-0.004621161,0.06115156,0.01409757,0.1671264,0.01492315,-7.586145e-05,-0.2043054,-0.05963906,0.02656027,-0.0167218,-0.04444479,-0.01646549,0.1251346,-0.06694958,-0.2115854,-0.05945144,-0.02395836,-0.1734189,0.09339672,0.06137527,-0.06603506,-0.04414386,-0.01113922,-0.0001251477,0.04767783,-0.002372123,-0.1066529,-0.1857057,0.005020632,-0.2320818,-0.08536702,-0.0282402,-0.05534871,-0.0414167,-0.007485988,0.1190617,-1.528273e-05,0.03622575,0.0101694,-0.01992923,0.1481865,5.411441e-25,-0.05330565,-0.06795582,0.103005,-0.01913907,0.03558827,-0.1534718,-0.03978026,-0.2457408,-0.1788783,-0.197469,-0.09684462,0.0441453,-0.0510827,0.1061539,-0.04792083,-0.05784396
-0.05815673,-0.07687819,-0.1725956,-0.1863517,0.008852901,0.02954393,0.02205743,0.0847406,0.002163298,-0.01375039,0.006728594,-0.3039901,0.1207728,0.121273,0.0406419,-0.03301356,0.1172446,-0.1235267,0.1072613,-0.1939598,-0.01719947,-0.1692915,-0.03751453,-0.0190891,-0.007245386,-0.0008638168,-0.002867578,-0.2394542,-0.1258394,-0.2099918,-0.03039014,-0.1245436,-0.2764693,-0.005011409,0.2231657,0.0418282,-0.275405,-0.01208525,-0.1611549,-0.2710987,0.2178241,-0.0224673,-0.2568951,0.1211953,0.01245972,0.03127623,-0.02165019,-0.263578,-0.02656632,-0.1226876,-0.06764901,0.2073666,0.1107261,-0.1380615,-0.01640953,-0.02715657,0.06436551,0.008006522,-0.1358666,-0.02605396,-0.05232675,0.02305067,0.02846169,0.1023273
-0.1102915,-0.07549642,0.1369633,0.0279297,-0.2354008,0.009823446,0.009390534,-0.07045795,-0.007211216,-0.008247209,-0.07916124,-0.04073437,-0.0588248,-0.1339609,-0.03243808,0.1371618,-0.04796203,0.3134145,0.07180726,0.1874623,-0.005878916,-0.05045466,-0.1167628,0.06290394,-0.02498271,-0.1055555,0.07739478,0.05291478,0.03976091,-0.07169492,-0.1151981,0.1874466,0.137595,-0.01108427,-0.07489371,0.01533194,0.1157919,-0.1088069,0.182382,0.01958678,-0.01053312,-0.03779267,-0.02701823,0.02251099,-0.01437782,-0.04204407,-0.007880948,-0.03712552,-0.04003049,0.1576408,-0.01511275,-0.08830132,-0.132897,0.2896446,-0.08359911,0.03845459,-0.04498165,0.08805019,0.232468,-0.09683995,-0.1124259,-0.1548743,-0.1537681,-0.07343074
-0.05698258,0.09547371,0.01744018,-0.02818204,-0.1097022,-0.003451059,0.02015446,-0.09628806,-0.0955708,-0.07544336,-0.009352603,-0.03854527,-0.09748589,0.000200966,0.1606067,-0.02991208,-0.09954821,0.02136552,0.06592204,0.1628105,-0.01810349,0.01220761,0.001368873,0.1698332,-0.1037888,-0.06790856,-0.1590508,0.02277275,0.01572754,-0.02465325,-0.02650407,0.05559452,-0.07662888,0.1170953,-0.01253065,0.02857232,-0.1607592,-0.08975732,0.09972861,0.002921973,0.05668839,-0.07616237,-0.03815787,-0.1722158,-0.07211272,0.05121415,-0.06075114,-0.03332977,0.06404249,0.09473183,0.03712153,-0.06798679,-0.0502701,0.01349815,-0.08989444,-0.03176951,-0.02998306,-0.1231728,0.02847355,-0.09947149,-0.06319378,-0.1143241,-0.07511358,0.0117288
0.01316223,0.01987641,-0.01872375,0.07511339,-0.03104737,-0.03356532,-0.01459679,-0.09882098,-0.009237028,-0.04384022,-0.01320416,-0.005913941,-0.006345135,-0.04383389,-0.03464834,-0.06794741,-0.01182405,0.1095102,0.1081356,0.03022152,0.0222229,-0.1643409,-0.002122825,-0.03909121,-0.007681962,-0.03437595,0.007456482,-0.04948558,-0.009133448,-0.007896156,0.08120426,0.01057804,-0.008339676,-0.06446857,0.05081562,-0.02697192,-0.03711269,-0.006479851,-0.04485524,-0.01833201,0.1369658,-0.05903371,-0.005928926,-0.1231005,-0.03585828,-0.04293598,-0.04118418,-0.005052156,-0.06565084,-0.02265282,0.07766171,0.03341806,0.009250261,0.01945703,0.03341772,-0.06820888,-0.03258688,0.009470136,0.01805635,-0.0829083,-0.02530192,-0.05869779,-0.01284027,-0.05090293
-0.1392935,0.04594268,0.02983439,-0.09011827,-0.2097882,-0.08209289,0.08685614,-0.06961128,-0.1382479,-0.1240039,0.07724023,0.07169838,0.02700549,0.0180742,0.06491523,-0.06723224,-0.1341729,0.02194545,-0.03791796,0.1423285,0.01928657,-0.09062476,-0.200667,0.01701149,-0.2397622,-0.1547971,-0.02961933,0.04348988,-0.06400365,0.08402328,-0.165072,0.08620241,-0.03236327,0.07164553,0.03356864,-0.03961173,0.03712407,-0.07030796,0.001098096,0.1582021,0.1369124,-0.1752591,0.04912883,-0.1521754,0.008158873,0.08855457,-0.1016636,0.06778322,-0.0404154,0.1644156,0.06335921,-0.1069592,-0.04690287,0.1237769,-0.01505104,0.2085481,0.08174891,0.02832804,0.07673068,-0.2138339,-0.16173,-0.224449,0.06476121,0.1232642
0.1941158,-0.007750066,-0.1706689,-0.02772769,0.170736,0.1115432,0.07494133,0.1352421,0.1703794,-0.02091998,0.136738,-0.008434445,-0.1954859,0.1491838,-0.02774066,-0.006036431,0.006076017,-0.185154,0.1231193,-0.153271,-0.1258503,0.03115797,-0.02479267,-0.2771026,9.164675e-05,0.09285817,0.07687498,0.01772452,0.03022536,-0.2370669,-0.04084197,-0.1844901,-0.1413481,-0.2233222,0.04851887,-0.252661,-0.1148045,0.003266498,-0.1868671,-0.00911098,0.1651457,0.07573435,0.0005147301,0.02400921,0.04582738,0.07861556,0.02458484,-3.27079e-05,0.1677875,-0.1973597,-0.06996693,0.1872348,0.1185364,-0.2295554,-0.01451806,-0.2215994,-0.2230626,-0.2126502,-0.1952411,0.1547906,0.02032926,0.1107571,-0.01452698,0.1137308
0.1510973,0.08882563,-0.2303492,-0.05139266,0.08576166,0.1277682,0.02566468,-0.08267438,-0.06076968,0.01756901,0.03425109,0.001579847,-0.223073,0.112607,-0.0674489,-0.03646792,-0.03321679,-0.1108362,0.2443744,-0.2348945,-0.1619776,-0.02580946,0.1103758,-0.3177286,-0.03833499,0.03733882,-0.04095453,-0.03820875,0.09038675,-0.03807266,0.1827621,-0.2062393,-0.09001651,-0.2658881,0.04096569,-0.294156,-0.1355921,-0.050202,-0.1551617,0.001140799,0.1831916,-0.01459366,-6.946596e-21,-0.03572217,0.03215505,0.008127377,0.04378128,-1.473479e-08,0.07358246,-0.1835975,0.09199715,0.2192279,-0.1181591,-0.1795946,-0.05529065,-0.3197801,-0.2348851,-0.2617725,-0.2419744,0.1437703,0.2034559,0.07527256,-0.03551121,-0.01780212
-0.001971426,0.03594219,-0.1892491,0.07083559,-0.09611301,-0.0662619,-0.07989904,0.04973994,-0.09022067,0.04728558,-0.05712425,-0.0007812293,-0.08887685,0.07478274,0.0129842,-0.07300385,0.02687707,-0.0478159,0.01244751,-0.03140746,0.09946448,0.007391637,-0.03352083,-0.2356278,-0.03485746,-0.01750143,-0.04897108,-0.04195927,-0.04248621,-0.004187081,-0.03928334,-0.04343949,0.02562823,-0.1584027,0.05167863,-0.2283334,-0.03031742,0.154358,-0.05170621,-0.02305175,0.1246091,-0.06869883,-2.277006e-05,-0.05489003,0.06979182,0.03841807,0.05347193,-5.076013e-05,0.03381466,-0.1074792,0.03419973,0.09118538,0.04244175,-0.1474539,0.1975459,-0.196194,-0.2168294,0.01847558,-0.1242272,-0.1212707,0.01665434,-0.1006127,0.108742,-0.004668267
0.01600181,-0.01780998,-0.2519295,-0.07911489,0.1476362,0.08066391,0.08173079,0.09786695,0.2230597,0.2079396,0.06383732,-0.04283004,-0.1618479,0.1396508,0.05563358,0.03492136,0.01568193,-0.1674527,0.04694267,-0.1414778,-0.2033935,0.1023787,-0.02422123,-0.2300965,0.1702558,0.06846454,0.1705469,-0.1045259,-0.02302585,-0.1184505,-0.003827528,-0.1858954,-0.04024633,-0.2242741,-0.03176874,-0.0907406,-0.01986352,-0.07476863,-0.1989874,-0.01179939,0.07485513,0.2203343,-0.009181423,0.186399,0.03151726,-0.02226475,0.1774333,-0.01742171,0.06279,-0.1051641,-0.001204983,0.1613911,0.08714042,-0.2317185,-0.03794718,-0.2735331,-0.09721342,-0.2276753,-0.1927644,0.1631817,-0.02599691,0.1955157,-0.007494795,0.03829605
0.0106185,-0.203302,0.05212855,0.1544783,-0.008771786,-0.1664075,0.004457129,0.01687248,0.02218472,0.03695865,0.1438233,0.06320349,-0.3693312,0.1266402,0.1155968,0.02510673,-0.1179341,0.08481077,0.1495125,0.04968882,0.0007497894,-0.04353049,-0.1850484,-0.01100895,0.02049759,0.01717224,-0.1151362,0.1036761,-0.01417249,0.04880663,-0.1484181,0.09783588,0.04228899,-0.01052938,0.2234398,-0.3152138,0.02840551,-0.0891529,0.04630812,-0.02745338,0.01776607,0.07329683,-0.01424474,0.1159577,-0.0669924,0.145264,-0.05749844,-0.02561693,-0.0401609,0.04518204,-0.07030597,0.1276482,0.08197072,0.02865406,-0.1263754,-0.004329003,-0.1305477,0.00734111,0.0314412,-0.01600802,-0.1154063,-0.001547817,0.09284117,0.1902566
-0.03001031,-0.0751655,0.06802516,0.02970465,-0.0861988,-0.08608319,-0.1128932,-0.09905019,-0.04065224,-0.001821308,-0.1149624,-0.001096594,0.1065378,-0.1712338,0.01512007,0.02944183,0.05007885,0.141392,-0.142916,-0.0381005,-0.06563147,0.07838815,-0.03215688,0.0738196,-0.04722168,-0.05005969,0.155837,-0.0007301422,0.01665604,0.0004187694,-0.02633507,-0.02885698,-0.002844154,0.09550174,-0.1842403,0.2186393,-0.01535731,-0.08458096,0.1742953,-0.009412596,-0.1974745,0.02965016,-0.0005572772,-0.1327512,0.003765279,-0.1150878,0.04460206,-0.001390323,-0.03565907,-0.02815661,0.00411176,-0.1424438,-0.1387817,0.02832988,-0.1183901,0.1130622,0.1640209,0.1518966,-0.06452811,-0.09227514,-0.06443664,0.06931229,-0.08421663,-0.07270425
0.2123853,0.1101628,-0.09766177,-0.1524069,-0.01754782,0.04099478,0.03584166,0.01401766,0.08299563,0.009284423,0.08717415,-0.1092752,-0.2852474,0.09032451,-0.01837137,0.004063858,-0.0441987,-0.06230839,0.1349565,-0.05205994,-0.1484202,-0.0185515,0.09994202,-0.1856925,0.02424137,0.0535178,-0.01591887,-0.06062457,0.09334723,-0.1195818,0.1228308,-0.01819823,-0.1605574,-0.2698505,0.1726973,-0.225673,-0.1816193,-0.1057706,-0.04126893,-0.1184361,0.1472373,0.03915396,-0.1073977,-0.01900541,0.05151691,0.1024026,0.03211118,-0.06060733,0.2358075,-0.1142373,-0.01375166,0.1095545,0.1371826,-0.1612295,-0.1225496,-0.2390135,-0.1963747,-0.2271184,-0.1148245,0.0846386,0.07783893,0.001628199,-0.08838984,0.0007213136
-0.1942691,-0.1050439,0.1013739,0.1613653,-0.0748764,0.009088774,-0.1933585,0.08766303,-0.01374746,0.1052286,-0.07806952,0.001805622,-0.02941949,-0.1366411,-0.07128788,-0.01688264,0.02174172,-0.005128958,-0.05402429,-0.03173757,0.06772217,-0.0672325,-0.1681124,-0.02738922,0.003717789,-0.1443994,0.008023745,0.0567025,-0.1260694,0.02091363,-0.1366234,0.01542487,0.08871958,0.06155504,0.01506223,0.02599681,0.1353742,0.05480569,0.06522852,-0.0265924,-0.06674781,0.01067536,0.03687521,-0.01668988,0.04683753,-0.1880004,0.07690577,-0.002762698,-0.1409464,0.06261857,0.01619621,-0.05834793,-0.1072858,0.1758428,0.1181835,0.04302373,0.002212187,0.0372911,0.08428186,-0.1080156,-0.06857073,-0.1074443,0.1706834,-0.0008018891
0.04006856,-0.03012905,0.143733,0.009810566,-0.04380542,0.05521147,-0.09388872,-0.1273768,-0.05884483,-0.0972556,-0.1386371,1.166685e-05,0.009148726,-0.0467845,0.03459683,0.02219791,-0.1060559,0.07268956,0.146363,0.1727134,0.03018162,0.01386495,8.539578e-06,0.1824901,-0.02543594,-0.06127279,-0.08211112,0.03912962,0.00830673,-0.0347519,0.06004942,0.1435122,0.05215443,0.06603974,-0.0901896,0.07731612,0.07929411,-0.02651338,0.1182296,-0.004763504,-0.07370688,0.007069624,7.153862e-31,-0.1359744,-0.1396366,0.0539623,-0.02492311,-3.600248e-27,0.04029647,0.1706872,0.06699812,-0.03772699,-0.07515625,0.03692067,-0.0533442,0.1381149,0.07036315,0.04620336,0.02186425,-0.01902054,-0.04522863,-0.02260045,-0.08433943,-0.06974869
0.008499459,-0.05942872,-0.1211327,0.02662458,-0.02296255,0.07514376,-0.0801595,0.1795066,0.0392706,0.05860974,0.02524782,0.04969916,-0.2526203,0.08723433,-0.109318,0.04686315,-0.09603707,0.01057394,0.07825495,0.01048593,-0.21882,0.05443348,-0.03187516,-0.2771932,-0.01596766,0.002461507,0.01733825,0.01732949,0.2083174,0.02123246,-0.05396901,-0.1031987,0.006216255,-0.208765,0.0567559,-0.3561364,0.005810846,-0.08753496,0.01763047,0.01290841,0.04709172,-0.001446391,0.02816773,0.06378011,0.05570232,0.04265077,0.01378854,0.03176325,-0.06393479,0.02525124,0.05462179,0.03851388,0.06890114,-0.005131,0.001086517,-0.3440898,-0.3222093,-0.4190198,-0.001566658,-0.0136892,0.01839602,-0.04019452,-0.08409046,0.01042859
-0.07292333,-0.08490519,-0.1287113,-0.1368517,-0.1359062,0.0346067,-0.06973071,-0.03523903,-0.04953253,0.1072106,-0.08253169,-0.05556795,0.1046829,-0.1035662,0.01597734,0.09437662,-0.169407,0.1279345,0.09437064,-0.03980299,-0.05565591,-0.06676284,-0.06959902,0.07968392,-0.09271288,-0.1022642,-0.07614204,-0.02152108,0.170525,-0.006753569,0.00544415,-0.02447358,0.08636356,0.09590397,-0.1318274,0.1688928,0.03661039,-0.1918446,0.01566069,-0.01268164,-0.04947825,-0.08577561,-0.03926917,-0.04486341,0.06493588,-0.1403974,0.04936364,-0.03785648,-0.1203316,0.06328403,-0.03066778,-0.003511712,-0.1355874,-0.09934375,-0.1509954,0.2592892,0.1556827,0.1204594,-0.1252164,-0.09746027,-0.1010951,-0.1977321,-0.1320773,-0.03559455
-0.1691058,-0.2305258,0.1514708,0.1767724,-0.3071452,0.05729628,-0.1391791,0.01395883,-0.002412437,0.02248749,0.04656387,-0.1188328,-0.02815445,-0.07465458,0.006201335,0.0140328,-0.02906017,-0.05995586,-0.01851888,0.0712265,0.1265021,-0.149739,-0.2298294,0.2010308,-0.1720272,-0.2168297,-0.1190169,-0.1581548,0.06088747,0.0696452,-0.1295749,0.1377942,0.00230115,0.07223898,-0.09659559,0.006284869,0.1503972,0.07183693,0.004611816,-0.1545476,0.0216286,-0.01876279,-0.09359799,0.07577868,-0.001740777,-0.1223264,0.04570879,-0.1068775,-0.1451052,0.2033994,0.0163721,0.03436272,-0.1070863,0.2024469,-0.007990953,0.2110521,0.01884723,0.1085262,0.2208896,-0.1610351,-0.07218643,-0.2993106,0.01556002,-0.01767778
0.1201795,0.1857999,-0.06124745,-0.2259192,0.09951252,0.08357917,0.1585098,0.0224757,0.1448965,0.04487546,0.1985585,-0.1592599,-0.09061173,0.1281502,0.04244884,0.08803607,-0.05483229,-0.1686488,-0.0508339,-0.1561183,-0.1945963,-0.09718305,0.03366844,-0.1356753,0.02591876,0.03694434,-0.05808585,-0.2059853,0.01117344,-0.1935098,0.06818197,-0.1405879,-0.1139864,-0.0237327,-0.007646927,-0.150953,-0.1660008,-0.08175103,-0.1099904,-0.1499913,0.09673138,0.04508823,-0.1517818,0.08453455,0.07653806,0.01923326,0.05851322,-0.2016874,0.06320581,-0.1794116,0.0008709406,0.01327235,0.1378317,-0.1527324,-0.01196065,-0.1545231,-0.1369031,-0.08708388,-0.1728561,0.07784323,-0.0283421,0.1300201,-0.07257723,0.03740368
-0.04885108,-0.006335516,0.02068396,0.08563527,-0.07607507,-0.05742189,-0.08789942,0.02808776,-0.01919617,-0.0003262635,-0.07574448,0.06978853,-0.05043418,-0.03990937,-0.1018413,-0.02941113,0.02373067,0.1036033,0.09294955,0.09293608,0.1592011,0.07495196,-0.1245615,-0.1660053,-0.05559011,-0.05387149,-0.1262623,0.05697985,0.001357846,0.04232841,0.00451585,-0.005458605,0.03394237,-0.0416308,-0.02455606,-0.12317,-0.06069667,0.01895626,-0.07853179,0.01782075,0.181419,-0.007939923,0.04131711,0.02782203,0.02113166,-0.003672546,-0.09719282,-0.001651828,-0.1711993,-0.04369741,0.08277053,0.1075845,0.04520704,0.01615502,0.1114855,-0.1037081,-0.1398607,0.1408288,0.1161109,-0.09133033,0.03405725,-0.120163,-0.03634588,-0.09173101
-0.07979597,0.01011867,0.08776869,-0.07772508,-0.07918892,-0.04950568,0.01458481,-0.1017617,-0.1214508,-0.2114233,0.03955678,0.00804513,-0.2112125,0.06958798,0.05880151,-0.01542453,-0.1733879,-0.01728581,0.04773394,0.06414647,-0.1170459,-0.09433647,-0.1142425,0.06339265,-0.1175346,-0.1706349,-0.1854015,0.05195834,-0.06398295,-0.01709246,-0.07753713,0.1013354,-0.08996075,0.01390664,0.05123047,-0.07277591,-0.0106092,-0.08411253,0.1165241,0.06614631,0.03380061,-0.08035117,-0.00116208,-0.155895,-0.002770466,0.09977374,-0.2040086,-0.004538167,0.03292845,0.1021241,-0.01754265,-0.007844399,0.0368344,0.04865453,-0.1043698,-0.0058015,-0.09439777,-0.06163621,0.06359559,-0.06081048,-0.1187507,-0.07230305,0.008683442,0.05760076
-0.273815,0.004630225,-0.02858449,-0.03344071,-0.3158173,0.009805314,0.08248263,-0.03947396,-0.09812435,-0.06785965,0.1124506,0.09414967,0.0415421,0.0002328354,-0.02902255,-0.03192082,-0.006248314,0.1968541,-0.05438875,0.06571199,0.06415938,-0.07456965,-0.2009428,0.004347214,-0.1527579,-0.1663423,0.03080874,-0.04811577,-0.05149907,0.07613465,-0.08248109,0.1050114,0.02514388,0.1196646,0.02339608,0.04492643,0.1406309,-0.07222065,-0.01296092,0.08793701,0.03816302,-0.1040089,0.04561768,-0.1203218,0.02329792,-0.03361544,-0.017648,0.07548285,-0.08758334,0.08601644,0.1061556,-0.1214414,-0.1429633,0.1376853,0.0176518,0.02217486,0.01338443,-0.04169393,0.118096,-0.2245363,-0.139981,-0.2252158,0.01013914,0.1183202
